time, fx_peak
1e-05, 0.999901
2e-05, 0.999803
3e-05, 0.999704
4e-05, 0.999605
5e-05, 0.999507
6e-05, 0.999408
7e-05, 0.999309
8e-05, 0.999211
9e-05, 0.999112
0.0001, 0.999014
0.00011, 0.998915
0.00012, 0.998816
0.00013, 0.998718
0.00014, 0.998619
0.00015, 0.998521
0.00016, 0.998422
0.00017, 0.998324
0.00018, 0.998225
0.00019, 0.998127
0.0002, 0.998028
0.00021, 0.99793
0.00022, 0.997831
0.00023, 0.997733
0.00024, 0.997634
0.00025, 0.997536
0.00026, 0.997437
0.00027, 0.997339
0.00028, 0.99724
0.00029, 0.997142
0.0003, 0.997044
0.00031, 0.996945
0.00032, 0.996847
0.00033, 0.996748
0.00034, 0.99665
0.00035, 0.996552
0.00036, 0.996453
0.00037, 0.996355
0.00038, 0.996257
0.00039, 0.996158
0.0004, 0.99606
0.00041, 0.995962
0.00042, 0.995863
0.00043, 0.995765
0.00044, 0.995667
0.00045, 0.995569
0.00046, 0.99547
0.00047, 0.995372
0.00048, 0.995274
0.00049, 0.995176
0.0005, 0.995078
0.00051, 0.994979
0.00052, 0.994881
0.00053, 0.994783
0.00054, 0.994685
0.00055, 0.994587
0.00056, 0.994488
0.00057, 0.99439
0.00058, 0.994292
0.00059, 0.994194
0.0006, 0.994096
0.00061, 0.993998
0.00062, 0.9939
0.00063, 0.993802
0.00064, 0.993704
0.00065, 0.993606
0.00066, 0.993507
0.00067, 0.993409
0.00068, 0.993311
0.00069, 0.993213
0.0007, 0.993115
0.00071, 0.993017
0.00072, 0.992919
0.00073, 0.992821
0.00074, 0.992723
0.00075, 0.992625
0.00076, 0.992527
0.00077, 0.992429
0.00078, 0.992332
0.00079, 0.992234
0.0008, 0.992136
0.00081, 0.992038
0.00082, 0.99194
0.00083, 0.991842
0.00084, 0.991744
0.00085, 0.991646
0.00086, 0.991548
0.00087, 0.99145
0.00088, 0.991353
0.00089, 0.991255
0.0009, 0.991157
0.00091, 0.991059
0.00092, 0.990961
0.00093, 0.990864
0.00094, 0.990766
0.00095, 0.990668
0.00096, 0.99057
0.00097, 0.990472
0.00098, 0.990375
0.00099, 0.990277
0.001, 0.990179
0.00101, 0.990082
0.00102, 0.989984
0.00103, 0.989886
0.00104, 0.989788
0.00105, 0.989691
0.00106, 0.989593
0.00107, 0.989495
0.00108, 0.989398
0.00109, 0.9893
0.0011, 0.989203
0.00111, 0.989105
0.00112, 0.989007
0.00113, 0.98891
0.00114, 0.988812
0.00115, 0.988714
0.00116, 0.988617
0.00117, 0.988519
0.00118, 0.988422
0.00119, 0.988324
0.0012, 0.988227
0.00121, 0.988129
0.00122, 0.988032
0.00123, 0.987934
0.00124, 0.987837
0.00125, 0.987739
0.00126, 0.987642
0.00127, 0.987544
0.00128, 0.987447
0.00129, 0.987349
0.0013, 0.987252
0.00131, 0.987154
0.00132, 0.987057
0.00133, 0.98696
0.00134, 0.986862
0.00135, 0.986765
0.00136, 0.986667
0.00137, 0.98657
0.00138, 0.986473
0.00139, 0.986375
0.0014, 0.986278
0.00141, 0.986181
0.00142, 0.986083
0.00143, 0.985986
0.00144, 0.985889
0.00145, 0.985791
0.00146, 0.985694
0.00147, 0.985597
0.00148, 0.9855
0.00149, 0.985402
0.0015, 0.985305
0.00151, 0.985208
0.00152, 0.985111
0.00153, 0.985013
0.00154, 0.984916
0.00155, 0.984819
0.00156, 0.984722
0.00157, 0.984625
0.00158, 0.984527
0.00159, 0.98443
0.0016, 0.984333
0.00161, 0.984236
0.00162, 0.984139
0.00163, 0.984042
0.00164, 0.983945
0.00165, 0.983848
0.00166, 0.98375
0.00167, 0.983653
0.00168, 0.983556
0.00169, 0.983459
0.0017, 0.983362
0.00171, 0.983265
0.00172, 0.983168
0.00173, 0.983071
0.00174, 0.982974
0.00175, 0.982877
0.00176, 0.98278
0.00177, 0.982683
0.00178, 0.982586
0.00179, 0.982489
0.0018, 0.982392
0.00181, 0.982295
0.00182, 0.982198
0.00183, 0.982101
0.00184, 0.982004
0.00185, 0.981908
0.00186, 0.981811
0.00187, 0.981714
0.00188, 0.981617
0.00189, 0.98152
0.0019, 0.981423
0.00191, 0.981326
0.00192, 0.981229
0.00193, 0.981133
0.00194, 0.981036
0.00195, 0.980939
0.00196, 0.980842
0.00197, 0.980745
0.00198, 0.980649
0.00199, 0.980552
0.002, 0.980455
0.00201, 0.980358
0.00202, 0.980261
0.00203, 0.980165
0.00204, 0.980068
0.00205, 0.979971
0.00206, 0.979875
0.00207, 0.979778
0.00208, 0.979681
0.00209, 0.979584
0.0021, 0.979488
0.00211, 0.979391
0.00212, 0.979294
0.00213, 0.979198
0.00214, 0.979101
0.00215, 0.979005
0.00216, 0.978908
0.00217, 0.978811
0.00218, 0.978715
0.00219, 0.978618
0.0022, 0.978522
0.00221, 0.978425
0.00222, 0.978328
0.00223, 0.978232
0.00224, 0.978135
0.00225, 0.978039
0.00226, 0.977942
0.00227, 0.977846
0.00228, 0.977749
0.00229, 0.977653
0.0023, 0.977556
0.00231, 0.97746
0.00232, 0.977363
0.00233, 0.977267
0.00234, 0.977171
0.00235, 0.977074
0.00236, 0.976978
0.00237, 0.976881
0.00238, 0.976785
0.00239, 0.976688
0.0024, 0.976592
0.00241, 0.976496
0.00242, 0.976399
0.00243, 0.976303
0.00244, 0.976207
0.00245, 0.97611
0.00246, 0.976014
0.00247, 0.975918
0.00248, 0.975821
0.00249, 0.975725
0.0025, 0.975629
0.00251, 0.975532
0.00252, 0.975436
0.00253, 0.97534
0.00254, 0.975244
0.00255, 0.975147
0.00256, 0.975051
0.00257, 0.974955
0.00258, 0.974859
0.00259, 0.974762
0.0026, 0.974666
0.00261, 0.97457
0.00262, 0.974474
0.00263, 0.974378
0.00264, 0.974282
0.00265, 0.974185
0.00266, 0.974089
0.00267, 0.973993
0.00268, 0.973897
0.00269, 0.973801
0.0027, 0.973705
0.00271, 0.973609
0.00272, 0.973513
0.00273, 0.973417
0.00274, 0.973321
0.00275, 0.973224
0.00276, 0.973128
0.00277, 0.973032
0.00278, 0.972936
0.00279, 0.97284
0.0028, 0.972744
0.00281, 0.972648
0.00282, 0.972552
0.00283, 0.972456
0.00284, 0.97236
0.00285, 0.972264
0.00286, 0.972168
0.00287, 0.972073
0.00288, 0.971977
0.00289, 0.971881
0.0029, 0.971785
0.00291, 0.971689
0.00292, 0.971593
0.00293, 0.971497
0.00294, 0.971401
0.00295, 0.971305
0.00296, 0.97121
0.00297, 0.971114
0.00298, 0.971018
0.00299, 0.970922
0.003, 0.970826
0.00301, 0.97073
0.00302, 0.970635
0.00303, 0.970539
0.00304, 0.970443
0.00305, 0.970347
0.00306, 0.970251
0.00307, 0.970156
0.00308, 0.97006
0.00309, 0.969964
0.0031, 0.969869
0.00311, 0.969773
0.00312, 0.969677
0.00313, 0.969581
0.00314, 0.969486
0.00315, 0.96939
0.00316, 0.969294
0.00317, 0.969199
0.00318, 0.969103
0.00319, 0.969007
0.0032, 0.968912
0.00321, 0.968816
0.00322, 0.968721
0.00323, 0.968625
0.00324, 0.968529
0.00325, 0.968434
0.00326, 0.968338
0.00327, 0.968243
0.00328, 0.968147
0.00329, 0.968052
0.0033, 0.967956
0.00331, 0.96786
0.00332, 0.967765
0.00333, 0.967669
0.00334, 0.967574
0.00335, 0.967478
0.00336, 0.967383
0.00337, 0.967288
0.00338, 0.967192
0.00339, 0.967097
0.0034, 0.967001
0.00341, 0.966906
0.00342, 0.96681
0.00343, 0.966715
0.00344, 0.96662
0.00345, 0.966524
0.00346, 0.966429
0.00347, 0.966333
0.00348, 0.966238
0.00349, 0.966143
0.0035, 0.966047
0.00351, 0.965952
0.00352, 0.965857
0.00353, 0.965761
0.00354, 0.965666
0.00355, 0.965571
0.00356, 0.965475
0.00357, 0.96538
0.00358, 0.965285
0.00359, 0.96519
0.0036, 0.965094
0.00361, 0.964999
0.00362, 0.964904
0.00363, 0.964809
0.00364, 0.964713
0.00365, 0.964618
0.00366, 0.964523
0.00367, 0.964428
0.00368, 0.964333
0.00369, 0.964238
0.0037, 0.964142
0.00371, 0.964047
0.00372, 0.963952
0.00373, 0.963857
0.00374, 0.963762
0.00375, 0.963667
0.00376, 0.963572
0.00377, 0.963476
0.00378, 0.963381
0.00379, 0.963286
0.0038, 0.963191
0.00381, 0.963096
0.00382, 0.963001
0.00383, 0.962906
0.00384, 0.962811
0.00385, 0.962716
0.00386, 0.962621
0.00387, 0.962526
0.00388, 0.962431
0.00389, 0.962336
0.0039, 0.962241
0.00391, 0.962146
0.00392, 0.962051
0.00393, 0.961956
0.00394, 0.961861
0.00395, 0.961766
0.00396, 0.961672
0.00397, 0.961577
0.00398, 0.961482
0.00399, 0.961387
0.004, 0.961292
0.00401, 0.961197
0.00402, 0.961102
0.00403, 0.961007
0.00404, 0.960913
0.00405, 0.960818
0.00406, 0.960723
0.00407, 0.960628
0.00408, 0.960533
0.00409, 0.960438
0.0041, 0.960344
0.00411, 0.960249
0.00412, 0.960154
0.00413, 0.960059
0.00414, 0.959965
0.00415, 0.95987
0.00416, 0.959775
0.00417, 0.95968
0.00418, 0.959586
0.00419, 0.959491
0.0042, 0.959396
0.00421, 0.959302
0.00422, 0.959207
0.00423, 0.959112
0.00424, 0.959018
0.00425, 0.958923
0.00426, 0.958828
0.00427, 0.958734
0.00428, 0.958639
0.00429, 0.958545
0.0043, 0.95845
0.00431, 0.958355
0.00432, 0.958261
0.00433, 0.958166
0.00434, 0.958072
0.00435, 0.957977
0.00436, 0.957883
0.00437, 0.957788
0.00438, 0.957694
0.00439, 0.957599
0.0044, 0.957505
0.00441, 0.95741
0.00442, 0.957316
0.00443, 0.957221
0.00444, 0.957127
0.00445, 0.957032
0.00446, 0.956938
0.00447, 0.956843
0.00448, 0.956749
0.00449, 0.956654
0.0045, 0.95656
0.00451, 0.956466
0.00452, 0.956371
0.00453, 0.956277
0.00454, 0.956182
0.00455, 0.956088
0.00456, 0.955994
0.00457, 0.955899
0.00458, 0.955805
0.00459, 0.955711
0.0046, 0.955616
0.00461, 0.955522
0.00462, 0.955428
0.00463, 0.955334
0.00464, 0.955239
0.00465, 0.955145
0.00466, 0.955051
0.00467, 0.954956
0.00468, 0.954862
0.00469, 0.954768
0.0047, 0.954674
0.00471, 0.95458
0.00472, 0.954485
0.00473, 0.954391
0.00474, 0.954297
0.00475, 0.954203
0.00476, 0.954109
0.00477, 0.954014
0.00478, 0.95392
0.00479, 0.953826
0.0048, 0.953732
0.00481, 0.953638
0.00482, 0.953544
0.00483, 0.95345
0.00484, 0.953356
0.00485, 0.953261
0.00486, 0.953167
0.00487, 0.953073
0.00488, 0.952979
0.00489, 0.952885
0.0049, 0.952791
0.00491, 0.952697
0.00492, 0.952603
0.00493, 0.952509
0.00494, 0.952415
0.00495, 0.952321
0.00496, 0.952227
0.00497, 0.952133
0.00498, 0.952039
0.00499, 0.951945
0.005, 0.951851
0.00501, 0.951757
0.00502, 0.951663
0.00503, 0.95157
0.00504, 0.951476
0.00505, 0.951382
0.00506, 0.951288
0.00507, 0.951194
0.00508, 0.9511
0.00509, 0.951006
0.0051, 0.950912
0.00511, 0.950819
0.00512, 0.950725
0.00513, 0.950631
0.00514, 0.950537
0.00515, 0.950443
0.00516, 0.950349
0.00517, 0.950256
0.00518, 0.950162
0.00519, 0.950068
0.0052, 0.949974
0.00521, 0.949881
0.00522, 0.949787
0.00523, 0.949693
0.00524, 0.949599
0.00525, 0.949506
0.00526, 0.949412
0.00527, 0.949318
0.00528, 0.949225
0.00529, 0.949131
0.0053, 0.949037
0.00531, 0.948944
0.00532, 0.94885
0.00533, 0.948756
0.00534, 0.948663
0.00535, 0.948569
0.00536, 0.948475
0.00537, 0.948382
0.00538, 0.948288
0.00539, 0.948195
0.0054, 0.948101
0.00541, 0.948008
0.00542, 0.947914
0.00543, 0.94782
0.00544, 0.947727
0.00545, 0.947633
0.00546, 0.94754
0.00547, 0.947446
0.00548, 0.947353
0.00549, 0.947259
0.0055, 0.947166
0.00551, 0.947072
0.00552, 0.946979
0.00553, 0.946885
0.00554, 0.946792
0.00555, 0.946699
0.00556, 0.946605
0.00557, 0.946512
0.00558, 0.946418
0.00559, 0.946325
0.0056, 0.946231
0.00561, 0.946138
0.00562, 0.946045
0.00563, 0.945951
0.00564, 0.945858
0.00565, 0.945765
0.00566, 0.945671
0.00567, 0.945578
0.00568, 0.945485
0.00569, 0.945391
0.0057, 0.945298
0.00571, 0.945205
0.00572, 0.945112
0.00573, 0.945018
0.00574, 0.944925
0.00575, 0.944832
0.00576, 0.944738
0.00577, 0.944645
0.00578, 0.944552
0.00579, 0.944459
0.0058, 0.944366
0.00581, 0.944272
0.00582, 0.944179
0.00583, 0.944086
0.00584, 0.943993
0.00585, 0.9439
0.00586, 0.943807
0.00587, 0.943713
0.00588, 0.94362
0.00589, 0.943527
0.0059, 0.943434
0.00591, 0.943341
0.00592, 0.943248
0.00593, 0.943155
0.00594, 0.943062
0.00595, 0.942969
0.00596, 0.942875
0.00597, 0.942782
0.00598, 0.942689
0.00599, 0.942596
0.006, 0.942503
0.00601, 0.94241
0.00602, 0.942317
0.00603, 0.942224
0.00604, 0.942131
0.00605, 0.942038
0.00606, 0.941945
0.00607, 0.941852
0.00608, 0.941759
0.00609, 0.941667
0.0061, 0.941574
0.00611, 0.941481
0.00612, 0.941388
0.00613, 0.941295
0.00614, 0.941202
0.00615, 0.941109
0.00616, 0.941016
0.00617, 0.940923
0.00618, 0.94083
0.00619, 0.940738
0.0062, 0.940645
0.00621, 0.940552
0.00622, 0.940459
0.00623, 0.940366
0.00624, 0.940273
0.00625, 0.940181
0.00626, 0.940088
0.00627, 0.939995
0.00628, 0.939902
0.00629, 0.93981
0.0063, 0.939717
0.00631, 0.939624
0.00632, 0.939531
0.00633, 0.939439
0.00634, 0.939346
0.00635, 0.939253
0.00636, 0.939161
0.00637, 0.939068
0.00638, 0.938975
0.00639, 0.938882
0.0064, 0.93879
0.00641, 0.938697
0.00642, 0.938605
0.00643, 0.938512
0.00644, 0.938419
0.00645, 0.938327
0.00646, 0.938234
0.00647, 0.938141
0.00648, 0.938049
0.00649, 0.937956
0.0065, 0.937864
0.00651, 0.937771
0.00652, 0.937679
0.00653, 0.937586
0.00654, 0.937494
0.00655, 0.937401
0.00656, 0.937309
0.00657, 0.937216
0.00658, 0.937124
0.00659, 0.937031
0.0066, 0.936939
0.00661, 0.936846
0.00662, 0.936754
0.00663, 0.936661
0.00664, 0.936569
0.00665, 0.936476
0.00666, 0.936384
0.00667, 0.936291
0.00668, 0.936199
0.00669, 0.936107
0.0067, 0.936014
0.00671, 0.935922
0.00672, 0.93583
0.00673, 0.935737
0.00674, 0.935645
0.00675, 0.935552
0.00676, 0.93546
0.00677, 0.935368
0.00678, 0.935275
0.00679, 0.935183
0.0068, 0.935091
0.00681, 0.934999
0.00682, 0.934906
0.00683, 0.934814
0.00684, 0.934722
0.00685, 0.93463
0.00686, 0.934537
0.00687, 0.934445
0.00688, 0.934353
0.00689, 0.934261
0.0069, 0.934168
0.00691, 0.934076
0.00692, 0.933984
0.00693, 0.933892
0.00694, 0.9338
0.00695, 0.933708
0.00696, 0.933615
0.00697, 0.933523
0.00698, 0.933431
0.00699, 0.933339
0.007, 0.933247
0.00701, 0.933155
0.00702, 0.933063
0.00703, 0.932971
0.00704, 0.932878
0.00705, 0.932786
0.00706, 0.932694
0.00707, 0.932602
0.00708, 0.93251
0.00709, 0.932418
0.0071, 0.932326
0.00711, 0.932234
0.00712, 0.932142
0.00713, 0.93205
0.00714, 0.931958
0.00715, 0.931866
0.00716, 0.931774
0.00717, 0.931682
0.00718, 0.93159
0.00719, 0.931498
0.0072, 0.931406
0.00721, 0.931314
0.00722, 0.931223
0.00723, 0.931131
0.00724, 0.931039
0.00725, 0.930947
0.00726, 0.930855
0.00727, 0.930763
0.00728, 0.930671
0.00729, 0.930579
0.0073, 0.930488
0.00731, 0.930396
0.00732, 0.930304
0.00733, 0.930212
0.00734, 0.93012
0.00735, 0.930028
0.00736, 0.929937
0.00737, 0.929845
0.00738, 0.929753
0.00739, 0.929661
0.0074, 0.92957
0.00741, 0.929478
0.00742, 0.929386
0.00743, 0.929294
0.00744, 0.929203
0.00745, 0.929111
0.00746, 0.929019
0.00747, 0.928928
0.00748, 0.928836
0.00749, 0.928744
0.0075, 0.928652
0.00751, 0.928561
0.00752, 0.928469
0.00753, 0.928378
0.00754, 0.928286
0.00755, 0.928194
0.00756, 0.928103
0.00757, 0.928011
0.00758, 0.927919
0.00759, 0.927828
0.0076, 0.927736
0.00761, 0.927645
0.00762, 0.927553
0.00763, 0.927462
0.00764, 0.92737
0.00765, 0.927279
0.00766, 0.927187
0.00767, 0.927096
0.00768, 0.927004
0.00769, 0.926913
0.0077, 0.926821
0.00771, 0.92673
0.00772, 0.926638
0.00773, 0.926547
0.00774, 0.926455
0.00775, 0.926364
0.00776, 0.926272
0.00777, 0.926181
0.00778, 0.926089
0.00779, 0.925998
0.0078, 0.925907
0.00781, 0.925815
0.00782, 0.925724
0.00783, 0.925632
0.00784, 0.925541
0.00785, 0.92545
0.00786, 0.925358
0.00787, 0.925267
0.00788, 0.925176
0.00789, 0.925084
0.0079, 0.924993
0.00791, 0.924902
0.00792, 0.924811
0.00793, 0.924719
0.00794, 0.924628
0.00795, 0.924537
0.00796, 0.924445
0.00797, 0.924354
0.00798, 0.924263
0.00799, 0.924172
0.008, 0.924081
0.00801, 0.923989
0.00802, 0.923898
0.00803, 0.923807
0.00804, 0.923716
0.00805, 0.923625
0.00806, 0.923533
0.00807, 0.923442
0.00808, 0.923351
0.00809, 0.92326
0.0081, 0.923169
0.00811, 0.923078
0.00812, 0.922987
0.00813, 0.922895
0.00814, 0.922804
0.00815, 0.922713
0.00816, 0.922622
0.00817, 0.922531
0.00818, 0.92244
0.00819, 0.922349
0.0082, 0.922258
0.00821, 0.922167
0.00822, 0.922076
0.00823, 0.921985
0.00824, 0.921894
0.00825, 0.921803
0.00826, 0.921712
0.00827, 0.921621
0.00828, 0.92153
0.00829, 0.921439
0.0083, 0.921348
0.00831, 0.921257
0.00832, 0.921166
0.00833, 0.921075
0.00834, 0.920984
0.00835, 0.920893
0.00836, 0.920802
0.00837, 0.920712
0.00838, 0.920621
0.00839, 0.92053
0.0084, 0.920439
0.00841, 0.920348
0.00842, 0.920257
0.00843, 0.920166
0.00844, 0.920076
0.00845, 0.919985
0.00846, 0.919894
0.00847, 0.919803
0.00848, 0.919712
0.00849, 0.919622
0.0085, 0.919531
0.00851, 0.91944
0.00852, 0.919349
0.00853, 0.919258
0.00854, 0.919168
0.00855, 0.919077
0.00856, 0.918986
0.00857, 0.918896
0.00858, 0.918805
0.00859, 0.918714
0.0086, 0.918623
0.00861, 0.918533
0.00862, 0.918442
0.00863, 0.918351
0.00864, 0.918261
0.00865, 0.91817
0.00866, 0.918079
0.00867, 0.917989
0.00868, 0.917898
0.00869, 0.917808
0.0087, 0.917717
0.00871, 0.917626
0.00872, 0.917536
0.00873, 0.917445
0.00874, 0.917355
0.00875, 0.917264
0.00876, 0.917174
0.00877, 0.917083
0.00878, 0.916992
0.00879, 0.916902
0.0088, 0.916811
0.00881, 0.916721
0.00882, 0.91663
0.00883, 0.91654
0.00884, 0.916449
0.00885, 0.916359
0.00886, 0.916269
0.00887, 0.916178
0.00888, 0.916088
0.00889, 0.915997
0.0089, 0.915907
0.00891, 0.915816
0.00892, 0.915726
0.00893, 0.915636
0.00894, 0.915545
0.00895, 0.915455
0.00896, 0.915364
0.00897, 0.915274
0.00898, 0.915184
0.00899, 0.915093
0.009, 0.915003
0.00901, 0.914913
0.00902, 0.914822
0.00903, 0.914732
0.00904, 0.914642
0.00905, 0.914551
0.00906, 0.914461
0.00907, 0.914371
0.00908, 0.914281
0.00909, 0.91419
0.0091, 0.9141
0.00911, 0.91401
0.00912, 0.91392
0.00913, 0.913829
0.00914, 0.913739
0.00915, 0.913649
0.00916, 0.913559
0.00917, 0.913469
0.00918, 0.913378
0.00919, 0.913288
0.0092, 0.913198
0.00921, 0.913108
0.00922, 0.913018
0.00923, 0.912928
0.00924, 0.912837
0.00925, 0.912747
0.00926, 0.912657
0.00927, 0.912567
0.00928, 0.912477
0.00929, 0.912387
0.0093, 0.912297
0.00931, 0.912207
0.00932, 0.912117
0.00933, 0.912027
0.00934, 0.911937
0.00935, 0.911847
0.00936, 0.911757
0.00937, 0.911666
0.00938, 0.911576
0.00939, 0.911486
0.0094, 0.911396
0.00941, 0.911307
0.00942, 0.911217
0.00943, 0.911127
0.00944, 0.911037
0.00945, 0.910947
0.00946, 0.910857
0.00947, 0.910767
0.00948, 0.910677
0.00949, 0.910587
0.0095, 0.910497
0.00951, 0.910407
0.00952, 0.910317
0.00953, 0.910227
0.00954, 0.910138
0.00955, 0.910048
0.00956, 0.909958
0.00957, 0.909868
0.00958, 0.909778
0.00959, 0.909688
0.0096, 0.909598
0.00961, 0.909509
0.00962, 0.909419
0.00963, 0.909329
0.00964, 0.909239
0.00965, 0.909149
0.00966, 0.90906
0.00967, 0.90897
0.00968, 0.90888
0.00969, 0.90879
0.0097, 0.908701
0.00971, 0.908611
0.00972, 0.908521
0.00973, 0.908432
0.00974, 0.908342
0.00975, 0.908252
0.00976, 0.908163
0.00977, 0.908073
0.00978, 0.907983
0.00979, 0.907894
0.0098, 0.907804
0.00981, 0.907714
0.00982, 0.907625
0.00983, 0.907535
0.00984, 0.907445
0.00985, 0.907356
0.00986, 0.907266
0.00987, 0.907177
0.00988, 0.907087
0.00989, 0.906997
0.0099, 0.906908
0.00991, 0.906818
0.00992, 0.906729
0.00993, 0.906639
0.00994, 0.90655
0.00995, 0.90646
0.00996, 0.906371
0.00997, 0.906281
0.00998, 0.906192
0.00999, 0.906102
0.01, 0.906013
0.01001, 0.905923
0.01002, 0.905834
0.01003, 0.905744
0.01004, 0.905655
0.01005, 0.905566
0.01006, 0.905476
0.01007, 0.905387
0.01008, 0.905297
0.01009, 0.905208
0.0101, 0.905118
0.01011, 0.905029
0.01012, 0.90494
0.01013, 0.90485
0.01014, 0.904761
0.01015, 0.904672
0.01016, 0.904582
0.01017, 0.904493
0.01018, 0.904404
0.01019, 0.904314
0.0102, 0.904225
0.01021, 0.904136
0.01022, 0.904047
0.01023, 0.903957
0.01024, 0.903868
0.01025, 0.903779
0.01026, 0.903689
0.01027, 0.9036
0.01028, 0.903511
0.01029, 0.903422
0.0103, 0.903333
0.01031, 0.903243
0.01032, 0.903154
0.01033, 0.903065
0.01034, 0.902976
0.01035, 0.902887
0.01036, 0.902797
0.01037, 0.902708
0.01038, 0.902619
0.01039, 0.90253
0.0104, 0.902441
0.01041, 0.902352
0.01042, 0.902263
0.01043, 0.902173
0.01044, 0.902084
0.01045, 0.901995
0.01046, 0.901906
0.01047, 0.901817
0.01048, 0.901728
0.01049, 0.901639
0.0105, 0.90155
0.01051, 0.901461
0.01052, 0.901372
0.01053, 0.901283
0.01054, 0.901194
0.01055, 0.901105
0.01056, 0.901016
0.01057, 0.900927
0.01058, 0.900838
0.01059, 0.900749
0.0106, 0.90066
0.01061, 0.900571
0.01062, 0.900482
0.01063, 0.900393
0.01064, 0.900304
0.01065, 0.900215
0.01066, 0.900126
0.01067, 0.900037
0.01068, 0.899949
0.01069, 0.89986
0.0107, 0.899771
0.01071, 0.899682
0.01072, 0.899593
0.01073, 0.899504
0.01074, 0.899415
0.01075, 0.899327
0.01076, 0.899238
0.01077, 0.899149
0.01078, 0.89906
0.01079, 0.898971
0.0108, 0.898883
0.01081, 0.898794
0.01082, 0.898705
0.01083, 0.898616
0.01084, 0.898527
0.01085, 0.898439
0.01086, 0.89835
0.01087, 0.898261
0.01088, 0.898173
0.01089, 0.898084
0.0109, 0.897995
0.01091, 0.897906
0.01092, 0.897818
0.01093, 0.897729
0.01094, 0.89764
0.01095, 0.897552
0.01096, 0.897463
0.01097, 0.897374
0.01098, 0.897286
0.01099, 0.897197
0.011, 0.897109
0.01101, 0.89702
0.01102, 0.896931
0.01103, 0.896843
0.01104, 0.896754
0.01105, 0.896666
0.01106, 0.896577
0.01107, 0.896488
0.01108, 0.8964
0.01109, 0.896311
0.0111, 0.896223
0.01111, 0.896134
0.01112, 0.896046
0.01113, 0.895957
0.01114, 0.895869
0.01115, 0.89578
0.01116, 0.895692
0.01117, 0.895603
0.01118, 0.895515
0.01119, 0.895426
0.0112, 0.895338
0.01121, 0.895249
0.01122, 0.895161
0.01123, 0.895073
0.01124, 0.894984
0.01125, 0.894896
0.01126, 0.894807
0.01127, 0.894719
0.01128, 0.894631
0.01129, 0.894542
0.0113, 0.894454
0.01131, 0.894365
0.01132, 0.894277
0.01133, 0.894189
0.01134, 0.8941
0.01135, 0.894012
0.01136, 0.893924
0.01137, 0.893835
0.01138, 0.893747
0.01139, 0.893659
0.0114, 0.893571
0.01141, 0.893482
0.01142, 0.893394
0.01143, 0.893306
0.01144, 0.893218
0.01145, 0.893129
0.01146, 0.893041
0.01147, 0.892953
0.01148, 0.892865
0.01149, 0.892776
0.0115, 0.892688
0.01151, 0.8926
0.01152, 0.892512
0.01153, 0.892424
0.01154, 0.892335
0.01155, 0.892247
0.01156, 0.892159
0.01157, 0.892071
0.01158, 0.891983
0.01159, 0.891895
0.0116, 0.891807
0.01161, 0.891719
0.01162, 0.89163
0.01163, 0.891542
0.01164, 0.891454
0.01165, 0.891366
0.01166, 0.891278
0.01167, 0.89119
0.01168, 0.891102
0.01169, 0.891014
0.0117, 0.890926
0.01171, 0.890838
0.01172, 0.89075
0.01173, 0.890662
0.01174, 0.890574
0.01175, 0.890486
0.01176, 0.890398
0.01177, 0.89031
0.01178, 0.890222
0.01179, 0.890134
0.0118, 0.890046
0.01181, 0.889958
0.01182, 0.88987
0.01183, 0.889782
0.01184, 0.889694
0.01185, 0.889606
0.01186, 0.889519
0.01187, 0.889431
0.01188, 0.889343
0.01189, 0.889255
0.0119, 0.889167
0.01191, 0.889079
0.01192, 0.888991
0.01193, 0.888904
0.01194, 0.888816
0.01195, 0.888728
0.01196, 0.88864
0.01197, 0.888552
0.01198, 0.888464
0.01199, 0.888377
0.012, 0.888289
0.01201, 0.888201
0.01202, 0.888113
0.01203, 0.888026
0.01204, 0.887938
0.01205, 0.88785
0.01206, 0.887762
0.01207, 0.887675
0.01208, 0.887587
0.01209, 0.887499
0.0121, 0.887412
0.01211, 0.887324
0.01212, 0.887236
0.01213, 0.887149
0.01214, 0.887061
0.01215, 0.886973
0.01216, 0.886886
0.01217, 0.886798
0.01218, 0.88671
0.01219, 0.886623
0.0122, 0.886535
0.01221, 0.886447
0.01222, 0.88636
0.01223, 0.886272
0.01224, 0.886185
0.01225, 0.886097
0.01226, 0.88601
0.01227, 0.885922
0.01228, 0.885834
0.01229, 0.885747
0.0123, 0.885659
0.01231, 0.885572
0.01232, 0.885484
0.01233, 0.885397
0.01234, 0.885309
0.01235, 0.885222
0.01236, 0.885134
0.01237, 0.885047
0.01238, 0.884959
0.01239, 0.884872
0.0124, 0.884785
0.01241, 0.884697
0.01242, 0.88461
0.01243, 0.884522
0.01244, 0.884435
0.01245, 0.884347
0.01246, 0.88426
0.01247, 0.884173
0.01248, 0.884085
0.01249, 0.883998
0.0125, 0.88391
0.01251, 0.883823
0.01252, 0.883736
0.01253, 0.883648
0.01254, 0.883561
0.01255, 0.883474
0.01256, 0.883386
0.01257, 0.883299
0.01258, 0.883212
0.01259, 0.883125
0.0126, 0.883037
0.01261, 0.88295
0.01262, 0.882863
0.01263, 0.882776
0.01264, 0.882688
0.01265, 0.882601
0.01266, 0.882514
0.01267, 0.882427
0.01268, 0.882339
0.01269, 0.882252
0.0127, 0.882165
0.01271, 0.882078
0.01272, 0.881991
0.01273, 0.881903
0.01274, 0.881816
0.01275, 0.881729
0.01276, 0.881642
0.01277, 0.881555
0.01278, 0.881468
0.01279, 0.881381
0.0128, 0.881293
0.01281, 0.881206
0.01282, 0.881119
0.01283, 0.881032
0.01284, 0.880945
0.01285, 0.880858
0.01286, 0.880771
0.01287, 0.880684
0.01288, 0.880597
0.01289, 0.88051
0.0129, 0.880423
0.01291, 0.880336
0.01292, 0.880249
0.01293, 0.880162
0.01294, 0.880075
0.01295, 0.879988
0.01296, 0.879901
0.01297, 0.879814
0.01298, 0.879727
0.01299, 0.87964
0.013, 0.879553
0.01301, 0.879466
0.01302, 0.879379
0.01303, 0.879292
0.01304, 0.879205
0.01305, 0.879118
0.01306, 0.879031
0.01307, 0.878944
0.01308, 0.878858
0.01309, 0.878771
0.0131, 0.878684
0.01311, 0.878597
0.01312, 0.87851
0.01313, 0.878423
0.01314, 0.878336
0.01315, 0.87825
0.01316, 0.878163
0.01317, 0.878076
0.01318, 0.877989
0.01319, 0.877902
0.0132, 0.877816
0.01321, 0.877729
0.01322, 0.877642
0.01323, 0.877555
0.01324, 0.877468
0.01325, 0.877382
0.01326, 0.877295
0.01327, 0.877208
0.01328, 0.877122
0.01329, 0.877035
0.0133, 0.876948
0.01331, 0.876861
0.01332, 0.876775
0.01333, 0.876688
0.01334, 0.876601
0.01335, 0.876515
0.01336, 0.876428
0.01337, 0.876341
0.01338, 0.876255
0.01339, 0.876168
0.0134, 0.876082
0.01341, 0.875995
0.01342, 0.875908
0.01343, 0.875822
0.01344, 0.875735
0.01345, 0.875649
0.01346, 0.875562
0.01347, 0.875475
0.01348, 0.875389
0.01349, 0.875302
0.0135, 0.875216
0.01351, 0.875129
0.01352, 0.875043
0.01353, 0.874956
0.01354, 0.87487
0.01355, 0.874783
0.01356, 0.874697
0.01357, 0.87461
0.01358, 0.874524
0.01359, 0.874437
0.0136, 0.874351
0.01361, 0.874264
0.01362, 0.874178
0.01363, 0.874091
0.01364, 0.874005
0.01365, 0.873919
0.01366, 0.873832
0.01367, 0.873746
0.01368, 0.873659
0.01369, 0.873573
0.0137, 0.873487
0.01371, 0.8734
0.01372, 0.873314
0.01373, 0.873228
0.01374, 0.873141
0.01375, 0.873055
0.01376, 0.872969
0.01377, 0.872882
0.01378, 0.872796
0.01379, 0.87271
0.0138, 0.872623
0.01381, 0.872537
0.01382, 0.872451
0.01383, 0.872365
0.01384, 0.872278
0.01385, 0.872192
0.01386, 0.872106
0.01387, 0.87202
0.01388, 0.871933
0.01389, 0.871847
0.0139, 0.871761
0.01391, 0.871675
0.01392, 0.871588
0.01393, 0.871502
0.01394, 0.871416
0.01395, 0.87133
0.01396, 0.871244
0.01397, 0.871158
0.01398, 0.871071
0.01399, 0.870985
0.014, 0.870899
0.01401, 0.870813
0.01402, 0.870727
0.01403, 0.870641
0.01404, 0.870555
0.01405, 0.870469
0.01406, 0.870383
0.01407, 0.870297
0.01408, 0.87021
0.01409, 0.870124
0.0141, 0.870038
0.01411, 0.869952
0.01412, 0.869866
0.01413, 0.86978
0.01414, 0.869694
0.01415, 0.869608
0.01416, 0.869522
0.01417, 0.869436
0.01418, 0.86935
0.01419, 0.869264
0.0142, 0.869178
0.01421, 0.869092
0.01422, 0.869006
0.01423, 0.86892
0.01424, 0.868835
0.01425, 0.868749
0.01426, 0.868663
0.01427, 0.868577
0.01428, 0.868491
0.01429, 0.868405
0.0143, 0.868319
0.01431, 0.868233
0.01432, 0.868147
0.01433, 0.868061
0.01434, 0.867976
0.01435, 0.86789
0.01436, 0.867804
0.01437, 0.867718
0.01438, 0.867632
0.01439, 0.867546
0.0144, 0.867461
0.01441, 0.867375
0.01442, 0.867289
0.01443, 0.867203
0.01444, 0.867118
0.01445, 0.867032
0.01446, 0.866946
0.01447, 0.86686
0.01448, 0.866775
0.01449, 0.866689
0.0145, 0.866603
0.01451, 0.866517
0.01452, 0.866432
0.01453, 0.866346
0.01454, 0.86626
0.01455, 0.866175
0.01456, 0.866089
0.01457, 0.866003
0.01458, 0.865918
0.01459, 0.865832
0.0146, 0.865746
0.01461, 0.865661
0.01462, 0.865575
0.01463, 0.865489
0.01464, 0.865404
0.01465, 0.865318
0.01466, 0.865233
0.01467, 0.865147
0.01468, 0.865061
0.01469, 0.864976
0.0147, 0.86489
0.01471, 0.864805
0.01472, 0.864719
0.01473, 0.864634
0.01474, 0.864548
0.01475, 0.864463
0.01476, 0.864377
0.01477, 0.864292
0.01478, 0.864206
0.01479, 0.864121
0.0148, 0.864035
0.01481, 0.86395
0.01482, 0.863864
0.01483, 0.863779
0.01484, 0.863693
0.01485, 0.863608
0.01486, 0.863522
0.01487, 0.863437
0.01488, 0.863352
0.01489, 0.863266
0.0149, 0.863181
0.01491, 0.863095
0.01492, 0.86301
0.01493, 0.862925
0.01494, 0.862839
0.01495, 0.862754
0.01496, 0.862669
0.01497, 0.862583
0.01498, 0.862498
0.01499, 0.862413
0.015, 0.862327
0.01501, 0.862242
0.01502, 0.862157
0.01503, 0.862071
0.01504, 0.861986
0.01505, 0.861901
0.01506, 0.861815
0.01507, 0.86173
0.01508, 0.861645
0.01509, 0.86156
0.0151, 0.861474
0.01511, 0.861389
0.01512, 0.861304
0.01513, 0.861219
0.01514, 0.861134
0.01515, 0.861048
0.01516, 0.860963
0.01517, 0.860878
0.01518, 0.860793
0.01519, 0.860708
0.0152, 0.860623
0.01521, 0.860537
0.01522, 0.860452
0.01523, 0.860367
0.01524, 0.860282
0.01525, 0.860197
0.01526, 0.860112
0.01527, 0.860027
0.01528, 0.859942
0.01529, 0.859857
0.0153, 0.859771
0.01531, 0.859686
0.01532, 0.859601
0.01533, 0.859516
0.01534, 0.859431
0.01535, 0.859346
0.01536, 0.859261
0.01537, 0.859176
0.01538, 0.859091
0.01539, 0.859006
0.0154, 0.858921
0.01541, 0.858836
0.01542, 0.858751
0.01543, 0.858666
0.01544, 0.858581
0.01545, 0.858496
0.01546, 0.858411
0.01547, 0.858326
0.01548, 0.858241
0.01549, 0.858157
0.0155, 0.858072
0.01551, 0.857987
0.01552, 0.857902
0.01553, 0.857817
0.01554, 0.857732
0.01555, 0.857647
0.01556, 0.857562
0.01557, 0.857477
0.01558, 0.857393
0.01559, 0.857308
0.0156, 0.857223
0.01561, 0.857138
0.01562, 0.857053
0.01563, 0.856968
0.01564, 0.856884
0.01565, 0.856799
0.01566, 0.856714
0.01567, 0.856629
0.01568, 0.856544
0.01569, 0.85646
0.0157, 0.856375
0.01571, 0.85629
0.01572, 0.856205
0.01573, 0.856121
0.01574, 0.856036
0.01575, 0.855951
0.01576, 0.855867
0.01577, 0.855782
0.01578, 0.855697
0.01579, 0.855613
0.0158, 0.855528
0.01581, 0.855443
0.01582, 0.855359
0.01583, 0.855274
0.01584, 0.855189
0.01585, 0.855105
0.01586, 0.85502
0.01587, 0.854935
0.01588, 0.854851
0.01589, 0.854766
0.0159, 0.854682
0.01591, 0.854597
0.01592, 0.854512
0.01593, 0.854428
0.01594, 0.854343
0.01595, 0.854259
0.01596, 0.854174
0.01597, 0.85409
0.01598, 0.854005
0.01599, 0.853921
0.016, 0.853836
0.01601, 0.853752
0.01602, 0.853667
0.01603, 0.853583
0.01604, 0.853498
0.01605, 0.853414
0.01606, 0.853329
0.01607, 0.853245
0.01608, 0.85316
0.01609, 0.853076
0.0161, 0.852991
0.01611, 0.852907
0.01612, 0.852823
0.01613, 0.852738
0.01614, 0.852654
0.01615, 0.852569
0.01616, 0.852485
0.01617, 0.852401
0.01618, 0.852316
0.01619, 0.852232
0.0162, 0.852147
0.01621, 0.852063
0.01622, 0.851979
0.01623, 0.851894
0.01624, 0.85181
0.01625, 0.851726
0.01626, 0.851642
0.01627, 0.851557
0.01628, 0.851473
0.01629, 0.851389
0.0163, 0.851304
0.01631, 0.85122
0.01632, 0.851136
0.01633, 0.851052
0.01634, 0.850967
0.01635, 0.850883
0.01636, 0.850799
0.01637, 0.850715
0.01638, 0.85063
0.01639, 0.850546
0.0164, 0.850462
0.01641, 0.850378
0.01642, 0.850294
0.01643, 0.85021
0.01644, 0.850125
0.01645, 0.850041
0.01646, 0.849957
0.01647, 0.849873
0.01648, 0.849789
0.01649, 0.849705
0.0165, 0.849621
0.01651, 0.849536
0.01652, 0.849452
0.01653, 0.849368
0.01654, 0.849284
0.01655, 0.8492
0.01656, 0.849116
0.01657, 0.849032
0.01658, 0.848948
0.01659, 0.848864
0.0166, 0.84878
0.01661, 0.848696
0.01662, 0.848612
0.01663, 0.848528
0.01664, 0.848444
0.01665, 0.84836
0.01666, 0.848276
0.01667, 0.848192
0.01668, 0.848108
0.01669, 0.848024
0.0167, 0.84794
0.01671, 0.847856
0.01672, 0.847772
0.01673, 0.847688
0.01674, 0.847604
0.01675, 0.84752
0.01676, 0.847436
0.01677, 0.847353
0.01678, 0.847269
0.01679, 0.847185
0.0168, 0.847101
0.01681, 0.847017
0.01682, 0.846933
0.01683, 0.846849
0.01684, 0.846765
0.01685, 0.846682
0.01686, 0.846598
0.01687, 0.846514
0.01688, 0.84643
0.01689, 0.846346
0.0169, 0.846263
0.01691, 0.846179
0.01692, 0.846095
0.01693, 0.846011
0.01694, 0.845927
0.01695, 0.845844
0.01696, 0.84576
0.01697, 0.845676
0.01698, 0.845592
0.01699, 0.845509
0.017, 0.845425
0.01701, 0.845341
0.01702, 0.845258
0.01703, 0.845174
0.01704, 0.84509
0.01705, 0.845007
0.01706, 0.844923
0.01707, 0.844839
0.01708, 0.844756
0.01709, 0.844672
0.0171, 0.844588
0.01711, 0.844505
0.01712, 0.844421
0.01713, 0.844337
0.01714, 0.844254
0.01715, 0.84417
0.01716, 0.844087
0.01717, 0.844003
0.01718, 0.843919
0.01719, 0.843836
0.0172, 0.843752
0.01721, 0.843669
0.01722, 0.843585
0.01723, 0.843502
0.01724, 0.843418
0.01725, 0.843335
0.01726, 0.843251
0.01727, 0.843168
0.01728, 0.843084
0.01729, 0.843001
0.0173, 0.842917
0.01731, 0.842834
0.01732, 0.84275
0.01733, 0.842667
0.01734, 0.842583
0.01735, 0.8425
0.01736, 0.842417
0.01737, 0.842333
0.01738, 0.84225
0.01739, 0.842166
0.0174, 0.842083
0.01741, 0.842
0.01742, 0.841916
0.01743, 0.841833
0.01744, 0.841749
0.01745, 0.841666
0.01746, 0.841583
0.01747, 0.841499
0.01748, 0.841416
0.01749, 0.841333
0.0175, 0.841249
0.01751, 0.841166
0.01752, 0.841083
0.01753, 0.840999
0.01754, 0.840916
0.01755, 0.840833
0.01756, 0.84075
0.01757, 0.840666
0.01758, 0.840583
0.01759, 0.8405
0.0176, 0.840417
0.01761, 0.840333
0.01762, 0.84025
0.01763, 0.840167
0.01764, 0.840084
0.01765, 0.840001
0.01766, 0.839917
0.01767, 0.839834
0.01768, 0.839751
0.01769, 0.839668
0.0177, 0.839585
0.01771, 0.839501
0.01772, 0.839418
0.01773, 0.839335
0.01774, 0.839252
0.01775, 0.839169
0.01776, 0.839086
0.01777, 0.839003
0.01778, 0.83892
0.01779, 0.838837
0.0178, 0.838753
0.01781, 0.83867
0.01782, 0.838587
0.01783, 0.838504
0.01784, 0.838421
0.01785, 0.838338
0.01786, 0.838255
0.01787, 0.838172
0.01788, 0.838089
0.01789, 0.838006
0.0179, 0.837923
0.01791, 0.83784
0.01792, 0.837757
0.01793, 0.837674
0.01794, 0.837591
0.01795, 0.837508
0.01796, 0.837425
0.01797, 0.837342
0.01798, 0.837259
0.01799, 0.837176
0.018, 0.837093
0.01801, 0.837011
0.01802, 0.836928
0.01803, 0.836845
0.01804, 0.836762
0.01805, 0.836679
0.01806, 0.836596
0.01807, 0.836513
0.01808, 0.83643
0.01809, 0.836347
0.0181, 0.836265
0.01811, 0.836182
0.01812, 0.836099
0.01813, 0.836016
0.01814, 0.835933
0.01815, 0.835851
0.01816, 0.835768
0.01817, 0.835685
0.01818, 0.835602
0.01819, 0.835519
0.0182, 0.835437
0.01821, 0.835354
0.01822, 0.835271
0.01823, 0.835188
0.01824, 0.835106
0.01825, 0.835023
0.01826, 0.83494
0.01827, 0.834857
0.01828, 0.834775
0.01829, 0.834692
0.0183, 0.834609
0.01831, 0.834527
0.01832, 0.834444
0.01833, 0.834361
0.01834, 0.834279
0.01835, 0.834196
0.01836, 0.834113
0.01837, 0.834031
0.01838, 0.833948
0.01839, 0.833866
0.0184, 0.833783
0.01841, 0.8337
0.01842, 0.833618
0.01843, 0.833535
0.01844, 0.833453
0.01845, 0.83337
0.01846, 0.833287
0.01847, 0.833205
0.01848, 0.833122
0.01849, 0.83304
0.0185, 0.832957
0.01851, 0.832875
0.01852, 0.832792
0.01853, 0.83271
0.01854, 0.832627
0.01855, 0.832545
0.01856, 0.832462
0.01857, 0.83238
0.01858, 0.832297
0.01859, 0.832215
0.0186, 0.832132
0.01861, 0.83205
0.01862, 0.831968
0.01863, 0.831885
0.01864, 0.831803
0.01865, 0.83172
0.01866, 0.831638
0.01867, 0.831555
0.01868, 0.831473
0.01869, 0.831391
0.0187, 0.831308
0.01871, 0.831226
0.01872, 0.831144
0.01873, 0.831061
0.01874, 0.830979
0.01875, 0.830897
0.01876, 0.830814
0.01877, 0.830732
0.01878, 0.83065
0.01879, 0.830567
0.0188, 0.830485
0.01881, 0.830403
0.01882, 0.83032
0.01883, 0.830238
0.01884, 0.830156
0.01885, 0.830074
0.01886, 0.829991
0.01887, 0.829909
0.01888, 0.829827
0.01889, 0.829745
0.0189, 0.829663
0.01891, 0.82958
0.01892, 0.829498
0.01893, 0.829416
0.01894, 0.829334
0.01895, 0.829252
0.01896, 0.829169
0.01897, 0.829087
0.01898, 0.829005
0.01899, 0.828923
0.019, 0.828841
0.01901, 0.828759
0.01902, 0.828677
0.01903, 0.828594
0.01904, 0.828512
0.01905, 0.82843
0.01906, 0.828348
0.01907, 0.828266
0.01908, 0.828184
0.01909, 0.828102
0.0191, 0.82802
0.01911, 0.827938
0.01912, 0.827856
0.01913, 0.827774
0.01914, 0.827692
0.01915, 0.82761
0.01916, 0.827528
0.01917, 0.827446
0.01918, 0.827364
0.01919, 0.827282
0.0192, 0.8272
0.01921, 0.827118
0.01922, 0.827036
0.01923, 0.826954
0.01924, 0.826872
0.01925, 0.82679
0.01926, 0.826708
0.01927, 0.826626
0.01928, 0.826544
0.01929, 0.826462
0.0193, 0.82638
0.01931, 0.826298
0.01932, 0.826217
0.01933, 0.826135
0.01934, 0.826053
0.01935, 0.825971
0.01936, 0.825889
0.01937, 0.825807
0.01938, 0.825725
0.01939, 0.825644
0.0194, 0.825562
0.01941, 0.82548
0.01942, 0.825398
0.01943, 0.825316
0.01944, 0.825234
0.01945, 0.825153
0.01946, 0.825071
0.01947, 0.824989
0.01948, 0.824907
0.01949, 0.824826
0.0195, 0.824744
0.01951, 0.824662
0.01952, 0.82458
0.01953, 0.824499
0.01954, 0.824417
0.01955, 0.824335
0.01956, 0.824254
0.01957, 0.824172
0.01958, 0.82409
0.01959, 0.824008
0.0196, 0.823927
0.01961, 0.823845
0.01962, 0.823764
0.01963, 0.823682
0.01964, 0.8236
0.01965, 0.823519
0.01966, 0.823437
0.01967, 0.823355
0.01968, 0.823274
0.01969, 0.823192
0.0197, 0.823111
0.01971, 0.823029
0.01972, 0.822947
0.01973, 0.822866
0.01974, 0.822784
0.01975, 0.822703
0.01976, 0.822621
0.01977, 0.82254
0.01978, 0.822458
0.01979, 0.822377
0.0198, 0.822295
0.01981, 0.822214
0.01982, 0.822132
0.01983, 0.822051
0.01984, 0.821969
0.01985, 0.821888
0.01986, 0.821806
0.01987, 0.821725
0.01988, 0.821643
0.01989, 0.821562
0.0199, 0.82148
0.01991, 0.821399
0.01992, 0.821318
0.01993, 0.821236
0.01994, 0.821155
0.01995, 0.821073
0.01996, 0.820992
0.01997, 0.820911
0.01998, 0.820829
0.01999, 0.820748
0.02, 0.820666
0.02001, 0.820585
0.02002, 0.820504
0.02003, 0.820422
0.02004, 0.820341
0.02005, 0.82026
0.02006, 0.820178
0.02007, 0.820097
0.02008, 0.820016
0.02009, 0.819935
0.0201, 0.819853
0.02011, 0.819772
0.02012, 0.819691
0.02013, 0.81961
0.02014, 0.819528
0.02015, 0.819447
0.02016, 0.819366
0.02017, 0.819285
0.02018, 0.819203
0.02019, 0.819122
0.0202, 0.819041
0.02021, 0.81896
0.02022, 0.818879
0.02023, 0.818797
0.02024, 0.818716
0.02025, 0.818635
0.02026, 0.818554
0.02027, 0.818473
0.02028, 0.818392
0.02029, 0.81831
0.0203, 0.818229
0.02031, 0.818148
0.02032, 0.818067
0.02033, 0.817986
0.02034, 0.817905
0.02035, 0.817824
0.02036, 0.817743
0.02037, 0.817662
0.02038, 0.817581
0.02039, 0.8175
0.0204, 0.817419
0.02041, 0.817338
0.02042, 0.817256
0.02043, 0.817175
0.02044, 0.817094
0.02045, 0.817013
0.02046, 0.816932
0.02047, 0.816851
0.02048, 0.81677
0.02049, 0.816689
0.0205, 0.816609
0.02051, 0.816528
0.02052, 0.816447
0.02053, 0.816366
0.02054, 0.816285
0.02055, 0.816204
0.02056, 0.816123
0.02057, 0.816042
0.02058, 0.815961
0.02059, 0.81588
0.0206, 0.815799
0.02061, 0.815718
0.02062, 0.815637
0.02063, 0.815557
0.02064, 0.815476
0.02065, 0.815395
0.02066, 0.815314
0.02067, 0.815233
0.02068, 0.815152
0.02069, 0.815072
0.0207, 0.814991
0.02071, 0.81491
0.02072, 0.814829
0.02073, 0.814748
0.02074, 0.814668
0.02075, 0.814587
0.02076, 0.814506
0.02077, 0.814425
0.02078, 0.814345
0.02079, 0.814264
0.0208, 0.814183
0.02081, 0.814102
0.02082, 0.814022
0.02083, 0.813941
0.02084, 0.81386
0.02085, 0.813779
0.02086, 0.813699
0.02087, 0.813618
0.02088, 0.813537
0.02089, 0.813457
0.0209, 0.813376
0.02091, 0.813295
0.02092, 0.813215
0.02093, 0.813134
0.02094, 0.813054
0.02095, 0.812973
0.02096, 0.812892
0.02097, 0.812812
0.02098, 0.812731
0.02099, 0.812651
0.021, 0.81257
0.02101, 0.812489
0.02102, 0.812409
0.02103, 0.812328
0.02104, 0.812248
0.02105, 0.812167
0.02106, 0.812087
0.02107, 0.812006
0.02108, 0.811926
0.02109, 0.811845
0.0211, 0.811765
0.02111, 0.811684
0.02112, 0.811604
0.02113, 0.811523
0.02114, 0.811443
0.02115, 0.811362
0.02116, 0.811282
0.02117, 0.811201
0.02118, 0.811121
0.02119, 0.81104
0.0212, 0.81096
0.02121, 0.81088
0.02122, 0.810799
0.02123, 0.810719
0.02124, 0.810638
0.02125, 0.810558
0.02126, 0.810478
0.02127, 0.810397
0.02128, 0.810317
0.02129, 0.810236
0.0213, 0.810156
0.02131, 0.810076
0.02132, 0.809995
0.02133, 0.809915
0.02134, 0.809835
0.02135, 0.809754
0.02136, 0.809674
0.02137, 0.809594
0.02138, 0.809514
0.02139, 0.809433
0.0214, 0.809353
0.02141, 0.809273
0.02142, 0.809192
0.02143, 0.809112
0.02144, 0.809032
0.02145, 0.808952
0.02146, 0.808872
0.02147, 0.808791
0.02148, 0.808711
0.02149, 0.808631
0.0215, 0.808551
0.02151, 0.80847
0.02152, 0.80839
0.02153, 0.80831
0.02154, 0.80823
0.02155, 0.80815
0.02156, 0.80807
0.02157, 0.80799
0.02158, 0.807909
0.02159, 0.807829
0.0216, 0.807749
0.02161, 0.807669
0.02162, 0.807589
0.02163, 0.807509
0.02164, 0.807429
0.02165, 0.807349
0.02166, 0.807269
0.02167, 0.807189
0.02168, 0.807108
0.02169, 0.807028
0.0217, 0.806948
0.02171, 0.806868
0.02172, 0.806788
0.02173, 0.806708
0.02174, 0.806628
0.02175, 0.806548
0.02176, 0.806468
0.02177, 0.806388
0.02178, 0.806308
0.02179, 0.806228
0.0218, 0.806148
0.02181, 0.806068
0.02182, 0.805988
0.02183, 0.805909
0.02184, 0.805829
0.02185, 0.805749
0.02186, 0.805669
0.02187, 0.805589
0.02188, 0.805509
0.02189, 0.805429
0.0219, 0.805349
0.02191, 0.805269
0.02192, 0.805189
0.02193, 0.80511
0.02194, 0.80503
0.02195, 0.80495
0.02196, 0.80487
0.02197, 0.80479
0.02198, 0.80471
0.02199, 0.804631
0.022, 0.804551
0.02201, 0.804471
0.02202, 0.804391
0.02203, 0.804311
0.02204, 0.804232
0.02205, 0.804152
0.02206, 0.804072
0.02207, 0.803992
0.02208, 0.803912
0.02209, 0.803833
0.0221, 0.803753
0.02211, 0.803673
0.02212, 0.803594
0.02213, 0.803514
0.02214, 0.803434
0.02215, 0.803354
0.02216, 0.803275
0.02217, 0.803195
0.02218, 0.803115
0.02219, 0.803036
0.0222, 0.802956
0.02221, 0.802876
0.02222, 0.802797
0.02223, 0.802717
0.02224, 0.802638
0.02225, 0.802558
0.02226, 0.802478
0.02227, 0.802399
0.02228, 0.802319
0.02229, 0.802239
0.0223, 0.80216
0.02231, 0.80208
0.02232, 0.802001
0.02233, 0.801921
0.02234, 0.801842
0.02235, 0.801762
0.02236, 0.801683
0.02237, 0.801603
0.02238, 0.801524
0.02239, 0.801444
0.0224, 0.801365
0.02241, 0.801285
0.02242, 0.801206
0.02243, 0.801126
0.02244, 0.801047
0.02245, 0.800967
0.02246, 0.800888
0.02247, 0.800808
0.02248, 0.800729
0.02249, 0.800649
0.0225, 0.80057
0.02251, 0.80049
0.02252, 0.800411
0.02253, 0.800332
0.02254, 0.800252
0.02255, 0.800173
0.02256, 0.800093
0.02257, 0.800014
0.02258, 0.799935
0.02259, 0.799855
0.0226, 0.799776
0.02261, 0.799697
0.02262, 0.799617
0.02263, 0.799538
0.02264, 0.799459
0.02265, 0.799379
0.02266, 0.7993
0.02267, 0.799221
0.02268, 0.799141
0.02269, 0.799062
0.0227, 0.798983
0.02271, 0.798904
0.02272, 0.798824
0.02273, 0.798745
0.02274, 0.798666
0.02275, 0.798587
0.02276, 0.798507
0.02277, 0.798428
0.02278, 0.798349
0.02279, 0.79827
0.0228, 0.798191
0.02281, 0.798111
0.02282, 0.798032
0.02283, 0.797953
0.02284, 0.797874
0.02285, 0.797795
0.02286, 0.797716
0.02287, 0.797636
0.02288, 0.797557
0.02289, 0.797478
0.0229, 0.797399
0.02291, 0.79732
0.02292, 0.797241
0.02293, 0.797162
0.02294, 0.797083
0.02295, 0.797004
0.02296, 0.796924
0.02297, 0.796845
0.02298, 0.796766
0.02299, 0.796687
0.023, 0.796608
0.02301, 0.796529
0.02302, 0.79645
0.02303, 0.796371
0.02304, 0.796292
0.02305, 0.796213
0.02306, 0.796134
0.02307, 0.796055
0.02308, 0.795976
0.02309, 0.795897
0.0231, 0.795818
0.02311, 0.795739
0.02312, 0.79566
0.02313, 0.795581
0.02314, 0.795502
0.02315, 0.795423
0.02316, 0.795345
0.02317, 0.795266
0.02318, 0.795187
0.02319, 0.795108
0.0232, 0.795029
0.02321, 0.79495
0.02322, 0.794871
0.02323, 0.794792
0.02324, 0.794713
0.02325, 0.794635
0.02326, 0.794556
0.02327, 0.794477
0.02328, 0.794398
0.02329, 0.794319
0.0233, 0.79424
0.02331, 0.794162
0.02332, 0.794083
0.02333, 0.794004
0.02334, 0.793925
0.02335, 0.793846
0.02336, 0.793768
0.02337, 0.793689
0.02338, 0.79361
0.02339, 0.793531
0.0234, 0.793453
0.02341, 0.793374
0.02342, 0.793295
0.02343, 0.793216
0.02344, 0.793138
0.02345, 0.793059
0.02346, 0.79298
0.02347, 0.792902
0.02348, 0.792823
0.02349, 0.792744
0.0235, 0.792666
0.02351, 0.792587
0.02352, 0.792508
0.02353, 0.79243
0.02354, 0.792351
0.02355, 0.792272
0.02356, 0.792194
0.02357, 0.792115
0.02358, 0.792037
0.02359, 0.791958
0.0236, 0.791879
0.02361, 0.791801
0.02362, 0.791722
0.02363, 0.791644
0.02364, 0.791565
0.02365, 0.791487
0.02366, 0.791408
0.02367, 0.791329
0.02368, 0.791251
0.02369, 0.791172
0.0237, 0.791094
0.02371, 0.791015
0.02372, 0.790937
0.02373, 0.790858
0.02374, 0.79078
0.02375, 0.790701
0.02376, 0.790623
0.02377, 0.790545
0.02378, 0.790466
0.02379, 0.790388
0.0238, 0.790309
0.02381, 0.790231
0.02382, 0.790152
0.02383, 0.790074
0.02384, 0.789995
0.02385, 0.789917
0.02386, 0.789839
0.02387, 0.78976
0.02388, 0.789682
0.02389, 0.789604
0.0239, 0.789525
0.02391, 0.789447
0.02392, 0.789369
0.02393, 0.78929
0.02394, 0.789212
0.02395, 0.789134
0.02396, 0.789055
0.02397, 0.788977
0.02398, 0.788899
0.02399, 0.78882
0.024, 0.788742
0.02401, 0.788664
0.02402, 0.788585
0.02403, 0.788507
0.02404, 0.788429
0.02405, 0.788351
0.02406, 0.788272
0.02407, 0.788194
0.02408, 0.788116
0.02409, 0.788038
0.0241, 0.78796
0.02411, 0.787881
0.02412, 0.787803
0.02413, 0.787725
0.02414, 0.787647
0.02415, 0.787569
0.02416, 0.78749
0.02417, 0.787412
0.02418, 0.787334
0.02419, 0.787256
0.0242, 0.787178
0.02421, 0.7871
0.02422, 0.787022
0.02423, 0.786944
0.02424, 0.786865
0.02425, 0.786787
0.02426, 0.786709
0.02427, 0.786631
0.02428, 0.786553
0.02429, 0.786475
0.0243, 0.786397
0.02431, 0.786319
0.02432, 0.786241
0.02433, 0.786163
0.02434, 0.786085
0.02435, 0.786007
0.02436, 0.785929
0.02437, 0.785851
0.02438, 0.785773
0.02439, 0.785695
0.0244, 0.785617
0.02441, 0.785539
0.02442, 0.785461
0.02443, 0.785383
0.02444, 0.785305
0.02445, 0.785227
0.02446, 0.785149
0.02447, 0.785071
0.02448, 0.784993
0.02449, 0.784915
0.0245, 0.784837
0.02451, 0.784759
0.02452, 0.784682
0.02453, 0.784604
0.02454, 0.784526
0.02455, 0.784448
0.02456, 0.78437
0.02457, 0.784292
0.02458, 0.784214
0.02459, 0.784136
0.0246, 0.784059
0.02461, 0.783981
0.02462, 0.783903
0.02463, 0.783825
0.02464, 0.783747
0.02465, 0.78367
0.02466, 0.783592
0.02467, 0.783514
0.02468, 0.783436
0.02469, 0.783359
0.0247, 0.783281
0.02471, 0.783203
0.02472, 0.783125
0.02473, 0.783048
0.02474, 0.78297
0.02475, 0.782892
0.02476, 0.782814
0.02477, 0.782737
0.02478, 0.782659
0.02479, 0.782581
0.0248, 0.782504
0.02481, 0.782426
0.02482, 0.782348
0.02483, 0.782271
0.02484, 0.782193
0.02485, 0.782115
0.02486, 0.782038
0.02487, 0.78196
0.02488, 0.781882
0.02489, 0.781805
0.0249, 0.781727
0.02491, 0.78165
0.02492, 0.781572
0.02493, 0.781494
0.02494, 0.781417
0.02495, 0.781339
0.02496, 0.781262
0.02497, 0.781184
0.02498, 0.781107
0.02499, 0.781029
0.025, 0.780952
0.02501, 0.780874
0.02502, 0.780796
0.02503, 0.780719
0.02504, 0.780641
0.02505, 0.780564
0.02506, 0.780486
0.02507, 0.780409
0.02508, 0.780332
0.02509, 0.780254
0.0251, 0.780177
0.02511, 0.780099
0.02512, 0.780022
0.02513, 0.779944
0.02514, 0.779867
0.02515, 0.779789
0.02516, 0.779712
0.02517, 0.779635
0.02518, 0.779557
0.02519, 0.77948
0.0252, 0.779402
0.02521, 0.779325
0.02522, 0.779248
0.02523, 0.77917
0.02524, 0.779093
0.02525, 0.779016
0.02526, 0.778938
0.02527, 0.778861
0.02528, 0.778784
0.02529, 0.778706
0.0253, 0.778629
0.02531, 0.778552
0.02532, 0.778474
0.02533, 0.778397
0.02534, 0.77832
0.02535, 0.778243
0.02536, 0.778165
0.02537, 0.778088
0.02538, 0.778011
0.02539, 0.777934
0.0254, 0.777856
0.02541, 0.777779
0.02542, 0.777702
0.02543, 0.777625
0.02544, 0.777548
0.02545, 0.77747
0.02546, 0.777393
0.02547, 0.777316
0.02548, 0.777239
0.02549, 0.777162
0.0255, 0.777085
0.02551, 0.777007
0.02552, 0.77693
0.02553, 0.776853
0.02554, 0.776776
0.02555, 0.776699
0.02556, 0.776622
0.02557, 0.776545
0.02558, 0.776468
0.02559, 0.77639
0.0256, 0.776313
0.02561, 0.776236
0.02562, 0.776159
0.02563, 0.776082
0.02564, 0.776005
0.02565, 0.775928
0.02566, 0.775851
0.02567, 0.775774
0.02568, 0.775697
0.02569, 0.77562
0.0257, 0.775543
0.02571, 0.775466
0.02572, 0.775389
0.02573, 0.775312
0.02574, 0.775235
0.02575, 0.775158
0.02576, 0.775081
0.02577, 0.775004
0.02578, 0.774927
0.02579, 0.77485
0.0258, 0.774773
0.02581, 0.774696
0.02582, 0.774619
0.02583, 0.774543
0.02584, 0.774466
0.02585, 0.774389
0.02586, 0.774312
0.02587, 0.774235
0.02588, 0.774158
0.02589, 0.774081
0.0259, 0.774004
0.02591, 0.773928
0.02592, 0.773851
0.02593, 0.773774
0.02594, 0.773697
0.02595, 0.77362
0.02596, 0.773543
0.02597, 0.773467
0.02598, 0.77339
0.02599, 0.773313
0.026, 0.773236
0.02601, 0.773159
0.02602, 0.773083
0.02603, 0.773006
0.02604, 0.772929
0.02605, 0.772852
0.02606, 0.772776
0.02607, 0.772699
0.02608, 0.772622
0.02609, 0.772546
0.0261, 0.772469
0.02611, 0.772392
0.02612, 0.772315
0.02613, 0.772239
0.02614, 0.772162
0.02615, 0.772085
0.02616, 0.772009
0.02617, 0.771932
0.02618, 0.771855
0.02619, 0.771779
0.0262, 0.771702
0.02621, 0.771626
0.02622, 0.771549
0.02623, 0.771472
0.02624, 0.771396
0.02625, 0.771319
0.02626, 0.771243
0.02627, 0.771166
0.02628, 0.771089
0.02629, 0.771013
0.0263, 0.770936
0.02631, 0.77086
0.02632, 0.770783
0.02633, 0.770707
0.02634, 0.77063
0.02635, 0.770554
0.02636, 0.770477
0.02637, 0.770401
0.02638, 0.770324
0.02639, 0.770248
0.0264, 0.770171
0.02641, 0.770095
0.02642, 0.770018
0.02643, 0.769942
0.02644, 0.769865
0.02645, 0.769789
0.02646, 0.769712
0.02647, 0.769636
0.02648, 0.769559
0.02649, 0.769483
0.0265, 0.769407
0.02651, 0.76933
0.02652, 0.769254
0.02653, 0.769177
0.02654, 0.769101
0.02655, 0.769025
0.02656, 0.768948
0.02657, 0.768872
0.02658, 0.768796
0.02659, 0.768719
0.0266, 0.768643
0.02661, 0.768567
0.02662, 0.76849
0.02663, 0.768414
0.02664, 0.768338
0.02665, 0.768261
0.02666, 0.768185
0.02667, 0.768109
0.02668, 0.768033
0.02669, 0.767956
0.0267, 0.76788
0.02671, 0.767804
0.02672, 0.767728
0.02673, 0.767651
0.02674, 0.767575
0.02675, 0.767499
0.02676, 0.767423
0.02677, 0.767346
0.02678, 0.76727
0.02679, 0.767194
0.0268, 0.767118
0.02681, 0.767042
0.02682, 0.766965
0.02683, 0.766889
0.02684, 0.766813
0.02685, 0.766737
0.02686, 0.766661
0.02687, 0.766585
0.02688, 0.766509
0.02689, 0.766432
0.0269, 0.766356
0.02691, 0.76628
0.02692, 0.766204
0.02693, 0.766128
0.02694, 0.766052
0.02695, 0.765976
0.02696, 0.7659
0.02697, 0.765824
0.02698, 0.765748
0.02699, 0.765672
0.027, 0.765596
0.02701, 0.76552
0.02702, 0.765444
0.02703, 0.765368
0.02704, 0.765292
0.02705, 0.765216
0.02706, 0.76514
0.02707, 0.765064
0.02708, 0.764988
0.02709, 0.764912
0.0271, 0.764836
0.02711, 0.76476
0.02712, 0.764684
0.02713, 0.764608
0.02714, 0.764532
0.02715, 0.764456
0.02716, 0.76438
0.02717, 0.764304
0.02718, 0.764228
0.02719, 0.764152
0.0272, 0.764076
0.02721, 0.764001
0.02722, 0.763925
0.02723, 0.763849
0.02724, 0.763773
0.02725, 0.763697
0.02726, 0.763621
0.02727, 0.763545
0.02728, 0.76347
0.02729, 0.763394
0.0273, 0.763318
0.02731, 0.763242
0.02732, 0.763166
0.02733, 0.763091
0.02734, 0.763015
0.02735, 0.762939
0.02736, 0.762863
0.02737, 0.762787
0.02738, 0.762712
0.02739, 0.762636
0.0274, 0.76256
0.02741, 0.762484
0.02742, 0.762409
0.02743, 0.762333
0.02744, 0.762257
0.02745, 0.762182
0.02746, 0.762106
0.02747, 0.76203
0.02748, 0.761955
0.02749, 0.761879
0.0275, 0.761803
0.02751, 0.761728
0.02752, 0.761652
0.02753, 0.761576
0.02754, 0.761501
0.02755, 0.761425
0.02756, 0.761349
0.02757, 0.761274
0.02758, 0.761198
0.02759, 0.761123
0.0276, 0.761047
0.02761, 0.760971
0.02762, 0.760896
0.02763, 0.76082
0.02764, 0.760745
0.02765, 0.760669
0.02766, 0.760594
0.02767, 0.760518
0.02768, 0.760442
0.02769, 0.760367
0.0277, 0.760291
0.02771, 0.760216
0.02772, 0.76014
0.02773, 0.760065
0.02774, 0.759989
0.02775, 0.759914
0.02776, 0.759838
0.02777, 0.759763
0.02778, 0.759688
0.02779, 0.759612
0.0278, 0.759537
0.02781, 0.759461
0.02782, 0.759386
0.02783, 0.75931
0.02784, 0.759235
0.02785, 0.759159
0.02786, 0.759084
0.02787, 0.759009
0.02788, 0.758933
0.02789, 0.758858
0.0279, 0.758783
0.02791, 0.758707
0.02792, 0.758632
0.02793, 0.758556
0.02794, 0.758481
0.02795, 0.758406
0.02796, 0.75833
0.02797, 0.758255
0.02798, 0.75818
0.02799, 0.758105
0.028, 0.758029
0.02801, 0.757954
0.02802, 0.757879
0.02803, 0.757803
0.02804, 0.757728
0.02805, 0.757653
0.02806, 0.757578
0.02807, 0.757502
0.02808, 0.757427
0.02809, 0.757352
0.0281, 0.757277
0.02811, 0.757201
0.02812, 0.757126
0.02813, 0.757051
0.02814, 0.756976
0.02815, 0.756901
0.02816, 0.756825
0.02817, 0.75675
0.02818, 0.756675
0.02819, 0.7566
0.0282, 0.756525
0.02821, 0.75645
0.02822, 0.756375
0.02823, 0.756299
0.02824, 0.756224
0.02825, 0.756149
0.02826, 0.756074
0.02827, 0.755999
0.02828, 0.755924
0.02829, 0.755849
0.0283, 0.755774
0.02831, 0.755699
0.02832, 0.755624
0.02833, 0.755548
0.02834, 0.755473
0.02835, 0.755398
0.02836, 0.755323
0.02837, 0.755248
0.02838, 0.755173
0.02839, 0.755098
0.0284, 0.755023
0.02841, 0.754948
0.02842, 0.754873
0.02843, 0.754798
0.02844, 0.754723
0.02845, 0.754648
0.02846, 0.754573
0.02847, 0.754498
0.02848, 0.754424
0.02849, 0.754349
0.0285, 0.754274
0.02851, 0.754199
0.02852, 0.754124
0.02853, 0.754049
0.02854, 0.753974
0.02855, 0.753899
0.02856, 0.753824
0.02857, 0.753749
0.02858, 0.753674
0.02859, 0.7536
0.0286, 0.753525
0.02861, 0.75345
0.02862, 0.753375
0.02863, 0.7533
0.02864, 0.753225
0.02865, 0.753151
0.02866, 0.753076
0.02867, 0.753001
0.02868, 0.752926
0.02869, 0.752851
0.0287, 0.752777
0.02871, 0.752702
0.02872, 0.752627
0.02873, 0.752552
0.02874, 0.752477
0.02875, 0.752403
0.02876, 0.752328
0.02877, 0.752253
0.02878, 0.752179
0.02879, 0.752104
0.0288, 0.752029
0.02881, 0.751954
0.02882, 0.75188
0.02883, 0.751805
0.02884, 0.75173
0.02885, 0.751656
0.02886, 0.751581
0.02887, 0.751506
0.02888, 0.751432
0.02889, 0.751357
0.0289, 0.751282
0.02891, 0.751208
0.02892, 0.751133
0.02893, 0.751058
0.02894, 0.750984
0.02895, 0.750909
0.02896, 0.750835
0.02897, 0.75076
0.02898, 0.750686
0.02899, 0.750611
0.029, 0.750536
0.02901, 0.750462
0.02902, 0.750387
0.02903, 0.750313
0.02904, 0.750238
0.02905, 0.750164
0.02906, 0.750089
0.02907, 0.750015
0.02908, 0.74994
0.02909, 0.749866
0.0291, 0.749791
0.02911, 0.749717
0.02912, 0.749642
0.02913, 0.749568
0.02914, 0.749493
0.02915, 0.749419
0.02916, 0.749344
0.02917, 0.74927
0.02918, 0.749195
0.02919, 0.749121
0.0292, 0.749047
0.02921, 0.748972
0.02922, 0.748898
0.02923, 0.748823
0.02924, 0.748749
0.02925, 0.748675
0.02926, 0.7486
0.02927, 0.748526
0.02928, 0.748452
0.02929, 0.748377
0.0293, 0.748303
0.02931, 0.748228
0.02932, 0.748154
0.02933, 0.74808
0.02934, 0.748005
0.02935, 0.747931
0.02936, 0.747857
0.02937, 0.747783
0.02938, 0.747708
0.02939, 0.747634
0.0294, 0.74756
0.02941, 0.747485
0.02942, 0.747411
0.02943, 0.747337
0.02944, 0.747263
0.02945, 0.747188
0.02946, 0.747114
0.02947, 0.74704
0.02948, 0.746966
0.02949, 0.746892
0.0295, 0.746817
0.02951, 0.746743
0.02952, 0.746669
0.02953, 0.746595
0.02954, 0.746521
0.02955, 0.746446
0.02956, 0.746372
0.02957, 0.746298
0.02958, 0.746224
0.02959, 0.74615
0.0296, 0.746076
0.02961, 0.746002
0.02962, 0.745928
0.02963, 0.745853
0.02964, 0.745779
0.02965, 0.745705
0.02966, 0.745631
0.02967, 0.745557
0.02968, 0.745483
0.02969, 0.745409
0.0297, 0.745335
0.02971, 0.745261
0.02972, 0.745187
0.02973, 0.745113
0.02974, 0.745039
0.02975, 0.744965
0.02976, 0.744891
0.02977, 0.744817
0.02978, 0.744743
0.02979, 0.744669
0.0298, 0.744595
0.02981, 0.744521
0.02982, 0.744447
0.02983, 0.744373
0.02984, 0.744299
0.02985, 0.744225
0.02986, 0.744151
0.02987, 0.744077
0.02988, 0.744003
0.02989, 0.743929
0.0299, 0.743855
0.02991, 0.743781
0.02992, 0.743707
0.02993, 0.743634
0.02994, 0.74356
0.02995, 0.743486
0.02996, 0.743412
0.02997, 0.743338
0.02998, 0.743264
0.02999, 0.74319
0.03, 0.743117
0.03001, 0.743043
0.03002, 0.742969
0.03003, 0.742895
0.03004, 0.742821
0.03005, 0.742748
0.03006, 0.742674
0.03007, 0.7426
0.03008, 0.742526
0.03009, 0.742452
0.0301, 0.742379
0.03011, 0.742305
0.03012, 0.742231
0.03013, 0.742157
0.03014, 0.742084
0.03015, 0.74201
0.03016, 0.741936
0.03017, 0.741862
0.03018, 0.741789
0.03019, 0.741715
0.0302, 0.741641
0.03021, 0.741568
0.03022, 0.741494
0.03023, 0.74142
0.03024, 0.741347
0.03025, 0.741273
0.03026, 0.741199
0.03027, 0.741126
0.03028, 0.741052
0.03029, 0.740978
0.0303, 0.740905
0.03031, 0.740831
0.03032, 0.740758
0.03033, 0.740684
0.03034, 0.74061
0.03035, 0.740537
0.03036, 0.740463
0.03037, 0.74039
0.03038, 0.740316
0.03039, 0.740243
0.0304, 0.740169
0.03041, 0.740095
0.03042, 0.740022
0.03043, 0.739948
0.03044, 0.739875
0.03045, 0.739801
0.03046, 0.739728
0.03047, 0.739654
0.03048, 0.739581
0.03049, 0.739507
0.0305, 0.739434
0.03051, 0.73936
0.03052, 0.739287
0.03053, 0.739214
0.03054, 0.73914
0.03055, 0.739067
0.03056, 0.738993
0.03057, 0.73892
0.03058, 0.738846
0.03059, 0.738773
0.0306, 0.7387
0.03061, 0.738626
0.03062, 0.738553
0.03063, 0.738479
0.03064, 0.738406
0.03065, 0.738333
0.03066, 0.738259
0.03067, 0.738186
0.03068, 0.738113
0.03069, 0.738039
0.0307, 0.737966
0.03071, 0.737893
0.03072, 0.737819
0.03073, 0.737746
0.03074, 0.737673
0.03075, 0.737599
0.03076, 0.737526
0.03077, 0.737453
0.03078, 0.737379
0.03079, 0.737306
0.0308, 0.737233
0.03081, 0.73716
0.03082, 0.737086
0.03083, 0.737013
0.03084, 0.73694
0.03085, 0.736867
0.03086, 0.736794
0.03087, 0.73672
0.03088, 0.736647
0.03089, 0.736574
0.0309, 0.736501
0.03091, 0.736428
0.03092, 0.736354
0.03093, 0.736281
0.03094, 0.736208
0.03095, 0.736135
0.03096, 0.736062
0.03097, 0.735989
0.03098, 0.735916
0.03099, 0.735842
0.031, 0.735769
0.03101, 0.735696
0.03102, 0.735623
0.03103, 0.73555
0.03104, 0.735477
0.03105, 0.735404
0.03106, 0.735331
0.03107, 0.735258
0.03108, 0.735185
0.03109, 0.735112
0.0311, 0.735039
0.03111, 0.734965
0.03112, 0.734892
0.03113, 0.734819
0.03114, 0.734746
0.03115, 0.734673
0.03116, 0.7346
0.03117, 0.734527
0.03118, 0.734454
0.03119, 0.734381
0.0312, 0.734308
0.03121, 0.734235
0.03122, 0.734163
0.03123, 0.73409
0.03124, 0.734017
0.03125, 0.733944
0.03126, 0.733871
0.03127, 0.733798
0.03128, 0.733725
0.03129, 0.733652
0.0313, 0.733579
0.03131, 0.733506
0.03132, 0.733433
0.03133, 0.73336
0.03134, 0.733288
0.03135, 0.733215
0.03136, 0.733142
0.03137, 0.733069
0.03138, 0.732996
0.03139, 0.732923
0.0314, 0.732851
0.03141, 0.732778
0.03142, 0.732705
0.03143, 0.732632
0.03144, 0.732559
0.03145, 0.732486
0.03146, 0.732414
0.03147, 0.732341
0.03148, 0.732268
0.03149, 0.732195
0.0315, 0.732123
0.03151, 0.73205
0.03152, 0.731977
0.03153, 0.731904
0.03154, 0.731832
0.03155, 0.731759
0.03156, 0.731686
0.03157, 0.731614
0.03158, 0.731541
0.03159, 0.731468
0.0316, 0.731395
0.03161, 0.731323
0.03162, 0.73125
0.03163, 0.731177
0.03164, 0.731105
0.03165, 0.731032
0.03166, 0.730959
0.03167, 0.730887
0.03168, 0.730814
0.03169, 0.730742
0.0317, 0.730669
0.03171, 0.730596
0.03172, 0.730524
0.03173, 0.730451
0.03174, 0.730379
0.03175, 0.730306
0.03176, 0.730233
0.03177, 0.730161
0.03178, 0.730088
0.03179, 0.730016
0.0318, 0.729943
0.03181, 0.729871
0.03182, 0.729798
0.03183, 0.729726
0.03184, 0.729653
0.03185, 0.729581
0.03186, 0.729508
0.03187, 0.729436
0.03188, 0.729363
0.03189, 0.729291
0.0319, 0.729218
0.03191, 0.729146
0.03192, 0.729073
0.03193, 0.729001
0.03194, 0.728928
0.03195, 0.728856
0.03196, 0.728784
0.03197, 0.728711
0.03198, 0.728639
0.03199, 0.728566
0.032, 0.728494
0.03201, 0.728421
0.03202, 0.728349
0.03203, 0.728277
0.03204, 0.728204
0.03205, 0.728132
0.03206, 0.72806
0.03207, 0.727987
0.03208, 0.727915
0.03209, 0.727843
0.0321, 0.72777
0.03211, 0.727698
0.03212, 0.727626
0.03213, 0.727553
0.03214, 0.727481
0.03215, 0.727409
0.03216, 0.727336
0.03217, 0.727264
0.03218, 0.727192
0.03219, 0.72712
0.0322, 0.727047
0.03221, 0.726975
0.03222, 0.726903
0.03223, 0.726831
0.03224, 0.726758
0.03225, 0.726686
0.03226, 0.726614
0.03227, 0.726542
0.03228, 0.72647
0.03229, 0.726397
0.0323, 0.726325
0.03231, 0.726253
0.03232, 0.726181
0.03233, 0.726109
0.03234, 0.726037
0.03235, 0.725964
0.03236, 0.725892
0.03237, 0.72582
0.03238, 0.725748
0.03239, 0.725676
0.0324, 0.725604
0.03241, 0.725532
0.03242, 0.72546
0.03243, 0.725387
0.03244, 0.725315
0.03245, 0.725243
0.03246, 0.725171
0.03247, 0.725099
0.03248, 0.725027
0.03249, 0.724955
0.0325, 0.724883
0.03251, 0.724811
0.03252, 0.724739
0.03253, 0.724667
0.03254, 0.724595
0.03255, 0.724523
0.03256, 0.724451
0.03257, 0.724379
0.03258, 0.724307
0.03259, 0.724235
0.0326, 0.724163
0.03261, 0.724091
0.03262, 0.724019
0.03263, 0.723947
0.03264, 0.723875
0.03265, 0.723803
0.03266, 0.723731
0.03267, 0.723659
0.03268, 0.723587
0.03269, 0.723515
0.0327, 0.723444
0.03271, 0.723372
0.03272, 0.7233
0.03273, 0.723228
0.03274, 0.723156
0.03275, 0.723084
0.03276, 0.723012
0.03277, 0.72294
0.03278, 0.722869
0.03279, 0.722797
0.0328, 0.722725
0.03281, 0.722653
0.03282, 0.722581
0.03283, 0.722509
0.03284, 0.722438
0.03285, 0.722366
0.03286, 0.722294
0.03287, 0.722222
0.03288, 0.722151
0.03289, 0.722079
0.0329, 0.722007
0.03291, 0.721935
0.03292, 0.721864
0.03293, 0.721792
0.03294, 0.72172
0.03295, 0.721648
0.03296, 0.721577
0.03297, 0.721505
0.03298, 0.721433
0.03299, 0.721361
0.033, 0.72129
0.03301, 0.721218
0.03302, 0.721146
0.03303, 0.721075
0.03304, 0.721003
0.03305, 0.720931
0.03306, 0.72086
0.03307, 0.720788
0.03308, 0.720717
0.03309, 0.720645
0.0331, 0.720573
0.03311, 0.720502
0.03312, 0.72043
0.03313, 0.720358
0.03314, 0.720287
0.03315, 0.720215
0.03316, 0.720144
0.03317, 0.720072
0.03318, 0.720001
0.03319, 0.719929
0.0332, 0.719858
0.03321, 0.719786
0.03322, 0.719714
0.03323, 0.719643
0.03324, 0.719571
0.03325, 0.7195
0.03326, 0.719428
0.03327, 0.719357
0.03328, 0.719285
0.03329, 0.719214
0.0333, 0.719142
0.03331, 0.719071
0.03332, 0.718999
0.03333, 0.718928
0.03334, 0.718857
0.03335, 0.718785
0.03336, 0.718714
0.03337, 0.718642
0.03338, 0.718571
0.03339, 0.718499
0.0334, 0.718428
0.03341, 0.718357
0.03342, 0.718285
0.03343, 0.718214
0.03344, 0.718142
0.03345, 0.718071
0.03346, 0.718
0.03347, 0.717928
0.03348, 0.717857
0.03349, 0.717786
0.0335, 0.717714
0.03351, 0.717643
0.03352, 0.717572
0.03353, 0.7175
0.03354, 0.717429
0.03355, 0.717358
0.03356, 0.717286
0.03357, 0.717215
0.03358, 0.717144
0.03359, 0.717073
0.0336, 0.717001
0.03361, 0.71693
0.03362, 0.716859
0.03363, 0.716788
0.03364, 0.716716
0.03365, 0.716645
0.03366, 0.716574
0.03367, 0.716503
0.03368, 0.716431
0.03369, 0.71636
0.0337, 0.716289
0.03371, 0.716218
0.03372, 0.716147
0.03373, 0.716076
0.03374, 0.716004
0.03375, 0.715933
0.03376, 0.715862
0.03377, 0.715791
0.03378, 0.71572
0.03379, 0.715649
0.0338, 0.715578
0.03381, 0.715506
0.03382, 0.715435
0.03383, 0.715364
0.03384, 0.715293
0.03385, 0.715222
0.03386, 0.715151
0.03387, 0.71508
0.03388, 0.715009
0.03389, 0.714938
0.0339, 0.714867
0.03391, 0.714796
0.03392, 0.714725
0.03393, 0.714654
0.03394, 0.714583
0.03395, 0.714511
0.03396, 0.71444
0.03397, 0.714369
0.03398, 0.714298
0.03399, 0.714227
0.034, 0.714157
0.03401, 0.714086
0.03402, 0.714015
0.03403, 0.713944
0.03404, 0.713873
0.03405, 0.713802
0.03406, 0.713731
0.03407, 0.71366
0.03408, 0.713589
0.03409, 0.713518
0.0341, 0.713447
0.03411, 0.713376
0.03412, 0.713305
0.03413, 0.713234
0.03414, 0.713163
0.03415, 0.713093
0.03416, 0.713022
0.03417, 0.712951
0.03418, 0.71288
0.03419, 0.712809
0.0342, 0.712738
0.03421, 0.712667
0.03422, 0.712597
0.03423, 0.712526
0.03424, 0.712455
0.03425, 0.712384
0.03426, 0.712313
0.03427, 0.712243
0.03428, 0.712172
0.03429, 0.712101
0.0343, 0.71203
0.03431, 0.711959
0.03432, 0.711889
0.03433, 0.711818
0.03434, 0.711747
0.03435, 0.711676
0.03436, 0.711606
0.03437, 0.711535
0.03438, 0.711464
0.03439, 0.711394
0.0344, 0.711323
0.03441, 0.711252
0.03442, 0.711181
0.03443, 0.711111
0.03444, 0.71104
0.03445, 0.710969
0.03446, 0.710899
0.03447, 0.710828
0.03448, 0.710757
0.03449, 0.710687
0.0345, 0.710616
0.03451, 0.710546
0.03452, 0.710475
0.03453, 0.710404
0.03454, 0.710334
0.03455, 0.710263
0.03456, 0.710193
0.03457, 0.710122
0.03458, 0.710051
0.03459, 0.709981
0.0346, 0.70991
0.03461, 0.70984
0.03462, 0.709769
0.03463, 0.709699
0.03464, 0.709628
0.03465, 0.709558
0.03466, 0.709487
0.03467, 0.709416
0.03468, 0.709346
0.03469, 0.709275
0.0347, 0.709205
0.03471, 0.709134
0.03472, 0.709064
0.03473, 0.708994
0.03474, 0.708923
0.03475, 0.708853
0.03476, 0.708782
0.03477, 0.708712
0.03478, 0.708641
0.03479, 0.708571
0.0348, 0.7085
0.03481, 0.70843
0.03482, 0.70836
0.03483, 0.708289
0.03484, 0.708219
0.03485, 0.708148
0.03486, 0.708078
0.03487, 0.708008
0.03488, 0.707937
0.03489, 0.707867
0.0349, 0.707797
0.03491, 0.707726
0.03492, 0.707656
0.03493, 0.707586
0.03494, 0.707515
0.03495, 0.707445
0.03496, 0.707375
0.03497, 0.707304
0.03498, 0.707234
0.03499, 0.707164
0.035, 0.707093
0.03501, 0.707023
0.03502, 0.706953
0.03503, 0.706883
0.03504, 0.706812
0.03505, 0.706742
0.03506, 0.706672
0.03507, 0.706602
0.03508, 0.706531
0.03509, 0.706461
0.0351, 0.706391
0.03511, 0.706321
0.03512, 0.70625
0.03513, 0.70618
0.03514, 0.70611
0.03515, 0.70604
0.03516, 0.70597
0.03517, 0.7059
0.03518, 0.705829
0.03519, 0.705759
0.0352, 0.705689
0.03521, 0.705619
0.03522, 0.705549
0.03523, 0.705479
0.03524, 0.705409
0.03525, 0.705338
0.03526, 0.705268
0.03527, 0.705198
0.03528, 0.705128
0.03529, 0.705058
0.0353, 0.704988
0.03531, 0.704918
0.03532, 0.704848
0.03533, 0.704778
0.03534, 0.704708
0.03535, 0.704638
0.03536, 0.704568
0.03537, 0.704498
0.03538, 0.704428
0.03539, 0.704358
0.0354, 0.704288
0.03541, 0.704218
0.03542, 0.704148
0.03543, 0.704078
0.03544, 0.704008
0.03545, 0.703938
0.03546, 0.703868
0.03547, 0.703798
0.03548, 0.703728
0.03549, 0.703658
0.0355, 0.703588
0.03551, 0.703518
0.03552, 0.703448
0.03553, 0.703378
0.03554, 0.703308
0.03555, 0.703238
0.03556, 0.703168
0.03557, 0.703099
0.03558, 0.703029
0.03559, 0.702959
0.0356, 0.702889
0.03561, 0.702819
0.03562, 0.702749
0.03563, 0.702679
0.03564, 0.70261
0.03565, 0.70254
0.03566, 0.70247
0.03567, 0.7024
0.03568, 0.70233
0.03569, 0.70226
0.0357, 0.702191
0.03571, 0.702121
0.03572, 0.702051
0.03573, 0.701981
0.03574, 0.701912
0.03575, 0.701842
0.03576, 0.701772
0.03577, 0.701702
0.03578, 0.701632
0.03579, 0.701563
0.0358, 0.701493
0.03581, 0.701423
0.03582, 0.701354
0.03583, 0.701284
0.03584, 0.701214
0.03585, 0.701144
0.03586, 0.701075
0.03587, 0.701005
0.03588, 0.700935
0.03589, 0.700866
0.0359, 0.700796
0.03591, 0.700726
0.03592, 0.700657
0.03593, 0.700587
0.03594, 0.700518
0.03595, 0.700448
0.03596, 0.700378
0.03597, 0.700309
0.03598, 0.700239
0.03599, 0.700169
0.036, 0.7001
0.03601, 0.70003
0.03602, 0.699961
0.03603, 0.699891
0.03604, 0.699822
0.03605, 0.699752
0.03606, 0.699682
0.03607, 0.699613
0.03608, 0.699543
0.03609, 0.699474
0.0361, 0.699404
0.03611, 0.699335
0.03612, 0.699265
0.03613, 0.699196
0.03614, 0.699126
0.03615, 0.699057
0.03616, 0.698987
0.03617, 0.698918
0.03618, 0.698848
0.03619, 0.698779
0.0362, 0.698709
0.03621, 0.69864
0.03622, 0.698571
0.03623, 0.698501
0.03624, 0.698432
0.03625, 0.698362
0.03626, 0.698293
0.03627, 0.698223
0.03628, 0.698154
0.03629, 0.698085
0.0363, 0.698015
0.03631, 0.697946
0.03632, 0.697877
0.03633, 0.697807
0.03634, 0.697738
0.03635, 0.697668
0.03636, 0.697599
0.03637, 0.69753
0.03638, 0.69746
0.03639, 0.697391
0.0364, 0.697322
0.03641, 0.697252
0.03642, 0.697183
0.03643, 0.697114
0.03644, 0.697045
0.03645, 0.696975
0.03646, 0.696906
0.03647, 0.696837
0.03648, 0.696767
0.03649, 0.696698
0.0365, 0.696629
0.03651, 0.69656
0.03652, 0.696491
0.03653, 0.696421
0.03654, 0.696352
0.03655, 0.696283
0.03656, 0.696214
0.03657, 0.696144
0.03658, 0.696075
0.03659, 0.696006
0.0366, 0.695937
0.03661, 0.695868
0.03662, 0.695799
0.03663, 0.695729
0.03664, 0.69566
0.03665, 0.695591
0.03666, 0.695522
0.03667, 0.695453
0.03668, 0.695384
0.03669, 0.695315
0.0367, 0.695245
0.03671, 0.695176
0.03672, 0.695107
0.03673, 0.695038
0.03674, 0.694969
0.03675, 0.6949
0.03676, 0.694831
0.03677, 0.694762
0.03678, 0.694693
0.03679, 0.694624
0.0368, 0.694555
0.03681, 0.694486
0.03682, 0.694417
0.03683, 0.694348
0.03684, 0.694279
0.03685, 0.69421
0.03686, 0.694141
0.03687, 0.694072
0.03688, 0.694003
0.03689, 0.693934
0.0369, 0.693865
0.03691, 0.693796
0.03692, 0.693727
0.03693, 0.693658
0.03694, 0.693589
0.03695, 0.69352
0.03696, 0.693451
0.03697, 0.693382
0.03698, 0.693313
0.03699, 0.693244
0.037, 0.693175
0.03701, 0.693106
0.03702, 0.693038
0.03703, 0.692969
0.03704, 0.6929
0.03705, 0.692831
0.03706, 0.692762
0.03707, 0.692693
0.03708, 0.692624
0.03709, 0.692555
0.0371, 0.692487
0.03711, 0.692418
0.03712, 0.692349
0.03713, 0.69228
0.03714, 0.692211
0.03715, 0.692143
0.03716, 0.692074
0.03717, 0.692005
0.03718, 0.691936
0.03719, 0.691867
0.0372, 0.691799
0.03721, 0.69173
0.03722, 0.691661
0.03723, 0.691592
0.03724, 0.691524
0.03725, 0.691455
0.03726, 0.691386
0.03727, 0.691317
0.03728, 0.691249
0.03729, 0.69118
0.0373, 0.691111
0.03731, 0.691043
0.03732, 0.690974
0.03733, 0.690905
0.03734, 0.690837
0.03735, 0.690768
0.03736, 0.690699
0.03737, 0.690631
0.03738, 0.690562
0.03739, 0.690493
0.0374, 0.690425
0.03741, 0.690356
0.03742, 0.690287
0.03743, 0.690219
0.03744, 0.69015
0.03745, 0.690082
0.03746, 0.690013
0.03747, 0.689944
0.03748, 0.689876
0.03749, 0.689807
0.0375, 0.689739
0.03751, 0.68967
0.03752, 0.689602
0.03753, 0.689533
0.03754, 0.689465
0.03755, 0.689396
0.03756, 0.689327
0.03757, 0.689259
0.03758, 0.68919
0.03759, 0.689122
0.0376, 0.689053
0.03761, 0.688985
0.03762, 0.688916
0.03763, 0.688848
0.03764, 0.68878
0.03765, 0.688711
0.03766, 0.688643
0.03767, 0.688574
0.03768, 0.688506
0.03769, 0.688437
0.0377, 0.688369
0.03771, 0.6883
0.03772, 0.688232
0.03773, 0.688164
0.03774, 0.688095
0.03775, 0.688027
0.03776, 0.687958
0.03777, 0.68789
0.03778, 0.687822
0.03779, 0.687753
0.0378, 0.687685
0.03781, 0.687617
0.03782, 0.687548
0.03783, 0.68748
0.03784, 0.687412
0.03785, 0.687343
0.03786, 0.687275
0.03787, 0.687207
0.03788, 0.687138
0.03789, 0.68707
0.0379, 0.687002
0.03791, 0.686933
0.03792, 0.686865
0.03793, 0.686797
0.03794, 0.686729
0.03795, 0.68666
0.03796, 0.686592
0.03797, 0.686524
0.03798, 0.686456
0.03799, 0.686387
0.038, 0.686319
0.03801, 0.686251
0.03802, 0.686183
0.03803, 0.686115
0.03804, 0.686046
0.03805, 0.685978
0.03806, 0.68591
0.03807, 0.685842
0.03808, 0.685774
0.03809, 0.685705
0.0381, 0.685637
0.03811, 0.685569
0.03812, 0.685501
0.03813, 0.685433
0.03814, 0.685365
0.03815, 0.685297
0.03816, 0.685228
0.03817, 0.68516
0.03818, 0.685092
0.03819, 0.685024
0.0382, 0.684956
0.03821, 0.684888
0.03822, 0.68482
0.03823, 0.684752
0.03824, 0.684684
0.03825, 0.684616
0.03826, 0.684548
0.03827, 0.68448
0.03828, 0.684412
0.03829, 0.684344
0.0383, 0.684276
0.03831, 0.684208
0.03832, 0.68414
0.03833, 0.684072
0.03834, 0.684004
0.03835, 0.683936
0.03836, 0.683868
0.03837, 0.6838
0.03838, 0.683732
0.03839, 0.683664
0.0384, 0.683596
0.03841, 0.683528
0.03842, 0.68346
0.03843, 0.683392
0.03844, 0.683324
0.03845, 0.683256
0.03846, 0.683188
0.03847, 0.68312
0.03848, 0.683052
0.03849, 0.682984
0.0385, 0.682917
0.03851, 0.682849
0.03852, 0.682781
0.03853, 0.682713
0.03854, 0.682645
0.03855, 0.682577
0.03856, 0.682509
0.03857, 0.682442
0.03858, 0.682374
0.03859, 0.682306
0.0386, 0.682238
0.03861, 0.68217
0.03862, 0.682102
0.03863, 0.682035
0.03864, 0.681967
0.03865, 0.681899
0.03866, 0.681831
0.03867, 0.681763
0.03868, 0.681696
0.03869, 0.681628
0.0387, 0.68156
0.03871, 0.681492
0.03872, 0.681425
0.03873, 0.681357
0.03874, 0.681289
0.03875, 0.681222
0.03876, 0.681154
0.03877, 0.681086
0.03878, 0.681018
0.03879, 0.680951
0.0388, 0.680883
0.03881, 0.680815
0.03882, 0.680748
0.03883, 0.68068
0.03884, 0.680612
0.03885, 0.680545
0.03886, 0.680477
0.03887, 0.680409
0.03888, 0.680342
0.03889, 0.680274
0.0389, 0.680207
0.03891, 0.680139
0.03892, 0.680071
0.03893, 0.680004
0.03894, 0.679936
0.03895, 0.679869
0.03896, 0.679801
0.03897, 0.679733
0.03898, 0.679666
0.03899, 0.679598
0.039, 0.679531
0.03901, 0.679463
0.03902, 0.679396
0.03903, 0.679328
0.03904, 0.679261
0.03905, 0.679193
0.03906, 0.679126
0.03907, 0.679058
0.03908, 0.678991
0.03909, 0.678923
0.0391, 0.678856
0.03911, 0.678788
0.03912, 0.678721
0.03913, 0.678653
0.03914, 0.678586
0.03915, 0.678518
0.03916, 0.678451
0.03917, 0.678383
0.03918, 0.678316
0.03919, 0.678249
0.0392, 0.678181
0.03921, 0.678114
0.03922, 0.678046
0.03923, 0.677979
0.03924, 0.677912
0.03925, 0.677844
0.03926, 0.677777
0.03927, 0.677709
0.03928, 0.677642
0.03929, 0.677575
0.0393, 0.677507
0.03931, 0.67744
0.03932, 0.677373
0.03933, 0.677305
0.03934, 0.677238
0.03935, 0.677171
0.03936, 0.677103
0.03937, 0.677036
0.03938, 0.676969
0.03939, 0.676902
0.0394, 0.676834
0.03941, 0.676767
0.03942, 0.6767
0.03943, 0.676632
0.03944, 0.676565
0.03945, 0.676498
0.03946, 0.676431
0.03947, 0.676364
0.03948, 0.676296
0.03949, 0.676229
0.0395, 0.676162
0.03951, 0.676095
0.03952, 0.676027
0.03953, 0.67596
0.03954, 0.675893
0.03955, 0.675826
0.03956, 0.675759
0.03957, 0.675692
0.03958, 0.675624
0.03959, 0.675557
0.0396, 0.67549
0.03961, 0.675423
0.03962, 0.675356
0.03963, 0.675289
0.03964, 0.675222
0.03965, 0.675154
0.03966, 0.675087
0.03967, 0.67502
0.03968, 0.674953
0.03969, 0.674886
0.0397, 0.674819
0.03971, 0.674752
0.03972, 0.674685
0.03973, 0.674618
0.03974, 0.674551
0.03975, 0.674484
0.03976, 0.674417
0.03977, 0.67435
0.03978, 0.674283
0.03979, 0.674216
0.0398, 0.674149
0.03981, 0.674082
0.03982, 0.674015
0.03983, 0.673948
0.03984, 0.673881
0.03985, 0.673814
0.03986, 0.673747
0.03987, 0.67368
0.03988, 0.673613
0.03989, 0.673546
0.0399, 0.673479
0.03991, 0.673412
0.03992, 0.673345
0.03993, 0.673278
0.03994, 0.673211
0.03995, 0.673144
0.03996, 0.673077
0.03997, 0.67301
0.03998, 0.672943
0.03999, 0.672877
0.04, 0.67281
0.04001, 0.672743
0.04002, 0.672676
0.04003, 0.672609
0.04004, 0.672542
0.04005, 0.672475
0.04006, 0.672408
0.04007, 0.672342
0.04008, 0.672275
0.04009, 0.672208
0.0401, 0.672141
0.04011, 0.672074
0.04012, 0.672008
0.04013, 0.671941
0.04014, 0.671874
0.04015, 0.671807
0.04016, 0.67174
0.04017, 0.671674
0.04018, 0.671607
0.04019, 0.67154
0.0402, 0.671473
0.04021, 0.671407
0.04022, 0.67134
0.04023, 0.671273
0.04024, 0.671207
0.04025, 0.67114
0.04026, 0.671073
0.04027, 0.671006
0.04028, 0.67094
0.04029, 0.670873
0.0403, 0.670806
0.04031, 0.67074
0.04032, 0.670673
0.04033, 0.670606
0.04034, 0.67054
0.04035, 0.670473
0.04036, 0.670406
0.04037, 0.67034
0.04038, 0.670273
0.04039, 0.670206
0.0404, 0.67014
0.04041, 0.670073
0.04042, 0.670007
0.04043, 0.66994
0.04044, 0.669873
0.04045, 0.669807
0.04046, 0.66974
0.04047, 0.669674
0.04048, 0.669607
0.04049, 0.669541
0.0405, 0.669474
0.04051, 0.669408
0.04052, 0.669341
0.04053, 0.669274
0.04054, 0.669208
0.04055, 0.669141
0.04056, 0.669075
0.04057, 0.669008
0.04058, 0.668942
0.04059, 0.668875
0.0406, 0.668809
0.04061, 0.668742
0.04062, 0.668676
0.04063, 0.66861
0.04064, 0.668543
0.04065, 0.668477
0.04066, 0.66841
0.04067, 0.668344
0.04068, 0.668277
0.04069, 0.668211
0.0407, 0.668145
0.04071, 0.668078
0.04072, 0.668012
0.04073, 0.667945
0.04074, 0.667879
0.04075, 0.667813
0.04076, 0.667746
0.04077, 0.66768
0.04078, 0.667613
0.04079, 0.667547
0.0408, 0.667481
0.04081, 0.667414
0.04082, 0.667348
0.04083, 0.667282
0.04084, 0.667215
0.04085, 0.667149
0.04086, 0.667083
0.04087, 0.667016
0.04088, 0.66695
0.04089, 0.666884
0.0409, 0.666818
0.04091, 0.666751
0.04092, 0.666685
0.04093, 0.666619
0.04094, 0.666552
0.04095, 0.666486
0.04096, 0.66642
0.04097, 0.666354
0.04098, 0.666288
0.04099, 0.666221
0.041, 0.666155
0.04101, 0.666089
0.04102, 0.666023
0.04103, 0.665956
0.04104, 0.66589
0.04105, 0.665824
0.04106, 0.665758
0.04107, 0.665692
0.04108, 0.665626
0.04109, 0.665559
0.0411, 0.665493
0.04111, 0.665427
0.04112, 0.665361
0.04113, 0.665295
0.04114, 0.665229
0.04115, 0.665163
0.04116, 0.665097
0.04117, 0.66503
0.04118, 0.664964
0.04119, 0.664898
0.0412, 0.664832
0.04121, 0.664766
0.04122, 0.6647
0.04123, 0.664634
0.04124, 0.664568
0.04125, 0.664502
0.04126, 0.664436
0.04127, 0.66437
0.04128, 0.664304
0.04129, 0.664238
0.0413, 0.664172
0.04131, 0.664106
0.04132, 0.66404
0.04133, 0.663974
0.04134, 0.663908
0.04135, 0.663842
0.04136, 0.663776
0.04137, 0.66371
0.04138, 0.663644
0.04139, 0.663578
0.0414, 0.663512
0.04141, 0.663446
0.04142, 0.66338
0.04143, 0.663314
0.04144, 0.663248
0.04145, 0.663182
0.04146, 0.663116
0.04147, 0.66305
0.04148, 0.662984
0.04149, 0.662918
0.0415, 0.662853
0.04151, 0.662787
0.04152, 0.662721
0.04153, 0.662655
0.04154, 0.662589
0.04155, 0.662523
0.04156, 0.662457
0.04157, 0.662392
0.04158, 0.662326
0.04159, 0.66226
0.0416, 0.662194
0.04161, 0.662128
0.04162, 0.662062
0.04163, 0.661997
0.04164, 0.661931
0.04165, 0.661865
0.04166, 0.661799
0.04167, 0.661734
0.04168, 0.661668
0.04169, 0.661602
0.0417, 0.661536
0.04171, 0.66147
0.04172, 0.661405
0.04173, 0.661339
0.04174, 0.661273
0.04175, 0.661208
0.04176, 0.661142
0.04177, 0.661076
0.04178, 0.66101
0.04179, 0.660945
0.0418, 0.660879
0.04181, 0.660813
0.04182, 0.660748
0.04183, 0.660682
0.04184, 0.660616
0.04185, 0.660551
0.04186, 0.660485
0.04187, 0.660419
0.04188, 0.660354
0.04189, 0.660288
0.0419, 0.660222
0.04191, 0.660157
0.04192, 0.660091
0.04193, 0.660026
0.04194, 0.65996
0.04195, 0.659894
0.04196, 0.659829
0.04197, 0.659763
0.04198, 0.659698
0.04199, 0.659632
0.042, 0.659567
0.04201, 0.659501
0.04202, 0.659435
0.04203, 0.65937
0.04204, 0.659304
0.04205, 0.659239
0.04206, 0.659173
0.04207, 0.659108
0.04208, 0.659042
0.04209, 0.658977
0.0421, 0.658911
0.04211, 0.658846
0.04212, 0.65878
0.04213, 0.658715
0.04214, 0.658649
0.04215, 0.658584
0.04216, 0.658518
0.04217, 0.658453
0.04218, 0.658388
0.04219, 0.658322
0.0422, 0.658257
0.04221, 0.658191
0.04222, 0.658126
0.04223, 0.65806
0.04224, 0.657995
0.04225, 0.65793
0.04226, 0.657864
0.04227, 0.657799
0.04228, 0.657733
0.04229, 0.657668
0.0423, 0.657603
0.04231, 0.657537
0.04232, 0.657472
0.04233, 0.657407
0.04234, 0.657341
0.04235, 0.657276
0.04236, 0.657211
0.04237, 0.657145
0.04238, 0.65708
0.04239, 0.657015
0.0424, 0.656949
0.04241, 0.656884
0.04242, 0.656819
0.04243, 0.656754
0.04244, 0.656688
0.04245, 0.656623
0.04246, 0.656558
0.04247, 0.656493
0.04248, 0.656427
0.04249, 0.656362
0.0425, 0.656297
0.04251, 0.656232
0.04252, 0.656166
0.04253, 0.656101
0.04254, 0.656036
0.04255, 0.655971
0.04256, 0.655906
0.04257, 0.65584
0.04258, 0.655775
0.04259, 0.65571
0.0426, 0.655645
0.04261, 0.65558
0.04262, 0.655515
0.04263, 0.655449
0.04264, 0.655384
0.04265, 0.655319
0.04266, 0.655254
0.04267, 0.655189
0.04268, 0.655124
0.04269, 0.655059
0.0427, 0.654994
0.04271, 0.654928
0.04272, 0.654863
0.04273, 0.654798
0.04274, 0.654733
0.04275, 0.654668
0.04276, 0.654603
0.04277, 0.654538
0.04278, 0.654473
0.04279, 0.654408
0.0428, 0.654343
0.04281, 0.654278
0.04282, 0.654213
0.04283, 0.654148
0.04284, 0.654083
0.04285, 0.654018
0.04286, 0.653953
0.04287, 0.653888
0.04288, 0.653823
0.04289, 0.653758
0.0429, 0.653693
0.04291, 0.653628
0.04292, 0.653563
0.04293, 0.653498
0.04294, 0.653433
0.04295, 0.653368
0.04296, 0.653303
0.04297, 0.653238
0.04298, 0.653173
0.04299, 0.653108
0.043, 0.653043
0.04301, 0.652978
0.04302, 0.652914
0.04303, 0.652849
0.04304, 0.652784
0.04305, 0.652719
0.04306, 0.652654
0.04307, 0.652589
0.04308, 0.652524
0.04309, 0.652459
0.0431, 0.652395
0.04311, 0.65233
0.04312, 0.652265
0.04313, 0.6522
0.04314, 0.652135
0.04315, 0.652071
0.04316, 0.652006
0.04317, 0.651941
0.04318, 0.651876
0.04319, 0.651811
0.0432, 0.651747
0.04321, 0.651682
0.04322, 0.651617
0.04323, 0.651552
0.04324, 0.651487
0.04325, 0.651423
0.04326, 0.651358
0.04327, 0.651293
0.04328, 0.651229
0.04329, 0.651164
0.0433, 0.651099
0.04331, 0.651034
0.04332, 0.65097
0.04333, 0.650905
0.04334, 0.65084
0.04335, 0.650776
0.04336, 0.650711
0.04337, 0.650646
0.04338, 0.650582
0.04339, 0.650517
0.0434, 0.650452
0.04341, 0.650388
0.04342, 0.650323
0.04343, 0.650258
0.04344, 0.650194
0.04345, 0.650129
0.04346, 0.650065
0.04347, 0.65
0.04348, 0.649935
0.04349, 0.649871
0.0435, 0.649806
0.04351, 0.649742
0.04352, 0.649677
0.04353, 0.649612
0.04354, 0.649548
0.04355, 0.649483
0.04356, 0.649419
0.04357, 0.649354
0.04358, 0.64929
0.04359, 0.649225
0.0436, 0.649161
0.04361, 0.649096
0.04362, 0.649032
0.04363, 0.648967
0.04364, 0.648903
0.04365, 0.648838
0.04366, 0.648774
0.04367, 0.648709
0.04368, 0.648645
0.04369, 0.64858
0.0437, 0.648516
0.04371, 0.648451
0.04372, 0.648387
0.04373, 0.648322
0.04374, 0.648258
0.04375, 0.648194
0.04376, 0.648129
0.04377, 0.648065
0.04378, 0.648
0.04379, 0.647936
0.0438, 0.647872
0.04381, 0.647807
0.04382, 0.647743
0.04383, 0.647678
0.04384, 0.647614
0.04385, 0.64755
0.04386, 0.647485
0.04387, 0.647421
0.04388, 0.647357
0.04389, 0.647292
0.0439, 0.647228
0.04391, 0.647164
0.04392, 0.647099
0.04393, 0.647035
0.04394, 0.646971
0.04395, 0.646906
0.04396, 0.646842
0.04397, 0.646778
0.04398, 0.646714
0.04399, 0.646649
0.044, 0.646585
0.04401, 0.646521
0.04402, 0.646457
0.04403, 0.646392
0.04404, 0.646328
0.04405, 0.646264
0.04406, 0.6462
0.04407, 0.646135
0.04408, 0.646071
0.04409, 0.646007
0.0441, 0.645943
0.04411, 0.645879
0.04412, 0.645814
0.04413, 0.64575
0.04414, 0.645686
0.04415, 0.645622
0.04416, 0.645558
0.04417, 0.645494
0.04418, 0.645429
0.04419, 0.645365
0.0442, 0.645301
0.04421, 0.645237
0.04422, 0.645173
0.04423, 0.645109
0.04424, 0.645045
0.04425, 0.64498
0.04426, 0.644916
0.04427, 0.644852
0.04428, 0.644788
0.04429, 0.644724
0.0443, 0.64466
0.04431, 0.644596
0.04432, 0.644532
0.04433, 0.644468
0.04434, 0.644404
0.04435, 0.64434
0.04436, 0.644276
0.04437, 0.644212
0.04438, 0.644148
0.04439, 0.644084
0.0444, 0.64402
0.04441, 0.643956
0.04442, 0.643892
0.04443, 0.643828
0.04444, 0.643764
0.04445, 0.6437
0.04446, 0.643636
0.04447, 0.643572
0.04448, 0.643508
0.04449, 0.643444
0.0445, 0.64338
0.04451, 0.643316
0.04452, 0.643252
0.04453, 0.643188
0.04454, 0.643124
0.04455, 0.64306
0.04456, 0.642996
0.04457, 0.642933
0.04458, 0.642869
0.04459, 0.642805
0.0446, 0.642741
0.04461, 0.642677
0.04462, 0.642613
0.04463, 0.642549
0.04464, 0.642485
0.04465, 0.642422
0.04466, 0.642358
0.04467, 0.642294
0.04468, 0.64223
0.04469, 0.642166
0.0447, 0.642102
0.04471, 0.642039
0.04472, 0.641975
0.04473, 0.641911
0.04474, 0.641847
0.04475, 0.641783
0.04476, 0.64172
0.04477, 0.641656
0.04478, 0.641592
0.04479, 0.641528
0.0448, 0.641465
0.04481, 0.641401
0.04482, 0.641337
0.04483, 0.641273
0.04484, 0.64121
0.04485, 0.641146
0.04486, 0.641082
0.04487, 0.641019
0.04488, 0.640955
0.04489, 0.640891
0.0449, 0.640827
0.04491, 0.640764
0.04492, 0.6407
0.04493, 0.640636
0.04494, 0.640573
0.04495, 0.640509
0.04496, 0.640445
0.04497, 0.640382
0.04498, 0.640318
0.04499, 0.640255
0.045, 0.640191
0.04501, 0.640127
0.04502, 0.640064
0.04503, 0.64
0.04504, 0.639936
0.04505, 0.639873
0.04506, 0.639809
0.04507, 0.639746
0.04508, 0.639682
0.04509, 0.639619
0.0451, 0.639555
0.04511, 0.639491
0.04512, 0.639428
0.04513, 0.639364
0.04514, 0.639301
0.04515, 0.639237
0.04516, 0.639174
0.04517, 0.63911
0.04518, 0.639047
0.04519, 0.638983
0.0452, 0.63892
0.04521, 0.638856
0.04522, 0.638793
0.04523, 0.638729
0.04524, 0.638666
0.04525, 0.638602
0.04526, 0.638539
0.04527, 0.638475
0.04528, 0.638412
0.04529, 0.638348
0.0453, 0.638285
0.04531, 0.638222
0.04532, 0.638158
0.04533, 0.638095
0.04534, 0.638031
0.04535, 0.637968
0.04536, 0.637905
0.04537, 0.637841
0.04538, 0.637778
0.04539, 0.637714
0.0454, 0.637651
0.04541, 0.637588
0.04542, 0.637524
0.04543, 0.637461
0.04544, 0.637398
0.04545, 0.637334
0.04546, 0.637271
0.04547, 0.637208
0.04548, 0.637144
0.04549, 0.637081
0.0455, 0.637018
0.04551, 0.636954
0.04552, 0.636891
0.04553, 0.636828
0.04554, 0.636765
0.04555, 0.636701
0.04556, 0.636638
0.04557, 0.636575
0.04558, 0.636511
0.04559, 0.636448
0.0456, 0.636385
0.04561, 0.636322
0.04562, 0.636258
0.04563, 0.636195
0.04564, 0.636132
0.04565, 0.636069
0.04566, 0.636006
0.04567, 0.635942
0.04568, 0.635879
0.04569, 0.635816
0.0457, 0.635753
0.04571, 0.63569
0.04572, 0.635627
0.04573, 0.635563
0.04574, 0.6355
0.04575, 0.635437
0.04576, 0.635374
0.04577, 0.635311
0.04578, 0.635248
0.04579, 0.635184
0.0458, 0.635121
0.04581, 0.635058
0.04582, 0.634995
0.04583, 0.634932
0.04584, 0.634869
0.04585, 0.634806
0.04586, 0.634743
0.04587, 0.63468
0.04588, 0.634617
0.04589, 0.634554
0.0459, 0.634491
0.04591, 0.634427
0.04592, 0.634364
0.04593, 0.634301
0.04594, 0.634238
0.04595, 0.634175
0.04596, 0.634112
0.04597, 0.634049
0.04598, 0.633986
0.04599, 0.633923
0.046, 0.63386
0.04601, 0.633797
0.04602, 0.633734
0.04603, 0.633671
0.04604, 0.633608
0.04605, 0.633545
0.04606, 0.633483
0.04607, 0.63342
0.04608, 0.633357
0.04609, 0.633294
0.0461, 0.633231
0.04611, 0.633168
0.04612, 0.633105
0.04613, 0.633042
0.04614, 0.632979
0.04615, 0.632916
0.04616, 0.632853
0.04617, 0.63279
0.04618, 0.632728
0.04619, 0.632665
0.0462, 0.632602
0.04621, 0.632539
0.04622, 0.632476
0.04623, 0.632413
0.04624, 0.63235
0.04625, 0.632288
0.04626, 0.632225
0.04627, 0.632162
0.04628, 0.632099
0.04629, 0.632036
0.0463, 0.631973
0.04631, 0.631911
0.04632, 0.631848
0.04633, 0.631785
0.04634, 0.631722
0.04635, 0.63166
0.04636, 0.631597
0.04637, 0.631534
0.04638, 0.631471
0.04639, 0.631409
0.0464, 0.631346
0.04641, 0.631283
0.04642, 0.63122
0.04643, 0.631158
0.04644, 0.631095
0.04645, 0.631032
0.04646, 0.630969
0.04647, 0.630907
0.04648, 0.630844
0.04649, 0.630781
0.0465, 0.630719
0.04651, 0.630656
0.04652, 0.630593
0.04653, 0.630531
0.04654, 0.630468
0.04655, 0.630405
0.04656, 0.630343
0.04657, 0.63028
0.04658, 0.630218
0.04659, 0.630155
0.0466, 0.630092
0.04661, 0.63003
0.04662, 0.629967
0.04663, 0.629904
0.04664, 0.629842
0.04665, 0.629779
0.04666, 0.629717
0.04667, 0.629654
0.04668, 0.629592
0.04669, 0.629529
0.0467, 0.629466
0.04671, 0.629404
0.04672, 0.629341
0.04673, 0.629279
0.04674, 0.629216
0.04675, 0.629154
0.04676, 0.629091
0.04677, 0.629029
0.04678, 0.628966
0.04679, 0.628904
0.0468, 0.628841
0.04681, 0.628779
0.04682, 0.628716
0.04683, 0.628654
0.04684, 0.628591
0.04685, 0.628529
0.04686, 0.628466
0.04687, 0.628404
0.04688, 0.628342
0.04689, 0.628279
0.0469, 0.628217
0.04691, 0.628154
0.04692, 0.628092
0.04693, 0.628029
0.04694, 0.627967
0.04695, 0.627905
0.04696, 0.627842
0.04697, 0.62778
0.04698, 0.627718
0.04699, 0.627655
0.047, 0.627593
0.04701, 0.62753
0.04702, 0.627468
0.04703, 0.627406
0.04704, 0.627343
0.04705, 0.627281
0.04706, 0.627219
0.04707, 0.627156
0.04708, 0.627094
0.04709, 0.627032
0.0471, 0.626969
0.04711, 0.626907
0.04712, 0.626845
0.04713, 0.626783
0.04714, 0.62672
0.04715, 0.626658
0.04716, 0.626596
0.04717, 0.626534
0.04718, 0.626471
0.04719, 0.626409
0.0472, 0.626347
0.04721, 0.626285
0.04722, 0.626222
0.04723, 0.62616
0.04724, 0.626098
0.04725, 0.626036
0.04726, 0.625973
0.04727, 0.625911
0.04728, 0.625849
0.04729, 0.625787
0.0473, 0.625725
0.04731, 0.625663
0.04732, 0.6256
0.04733, 0.625538
0.04734, 0.625476
0.04735, 0.625414
0.04736, 0.625352
0.04737, 0.62529
0.04738, 0.625228
0.04739, 0.625165
0.0474, 0.625103
0.04741, 0.625041
0.04742, 0.624979
0.04743, 0.624917
0.04744, 0.624855
0.04745, 0.624793
0.04746, 0.624731
0.04747, 0.624669
0.04748, 0.624607
0.04749, 0.624545
0.0475, 0.624482
0.04751, 0.62442
0.04752, 0.624358
0.04753, 0.624296
0.04754, 0.624234
0.04755, 0.624172
0.04756, 0.62411
0.04757, 0.624048
0.04758, 0.623986
0.04759, 0.623924
0.0476, 0.623862
0.04761, 0.6238
0.04762, 0.623738
0.04763, 0.623676
0.04764, 0.623614
0.04765, 0.623552
0.04766, 0.62349
0.04767, 0.623428
0.04768, 0.623367
0.04769, 0.623305
0.0477, 0.623243
0.04771, 0.623181
0.04772, 0.623119
0.04773, 0.623057
0.04774, 0.622995
0.04775, 0.622933
0.04776, 0.622871
0.04777, 0.622809
0.04778, 0.622747
0.04779, 0.622686
0.0478, 0.622624
0.04781, 0.622562
0.04782, 0.6225
0.04783, 0.622438
0.04784, 0.622376
0.04785, 0.622314
0.04786, 0.622253
0.04787, 0.622191
0.04788, 0.622129
0.04789, 0.622067
0.0479, 0.622005
0.04791, 0.621944
0.04792, 0.621882
0.04793, 0.62182
0.04794, 0.621758
0.04795, 0.621696
0.04796, 0.621635
0.04797, 0.621573
0.04798, 0.621511
0.04799, 0.621449
0.048, 0.621388
0.04801, 0.621326
0.04802, 0.621264
0.04803, 0.621202
0.04804, 0.621141
0.04805, 0.621079
0.04806, 0.621017
0.04807, 0.620956
0.04808, 0.620894
0.04809, 0.620832
0.0481, 0.620771
0.04811, 0.620709
0.04812, 0.620647
0.04813, 0.620586
0.04814, 0.620524
0.04815, 0.620462
0.04816, 0.620401
0.04817, 0.620339
0.04818, 0.620277
0.04819, 0.620216
0.0482, 0.620154
0.04821, 0.620092
0.04822, 0.620031
0.04823, 0.619969
0.04824, 0.619908
0.04825, 0.619846
0.04826, 0.619784
0.04827, 0.619723
0.04828, 0.619661
0.04829, 0.6196
0.0483, 0.619538
0.04831, 0.619477
0.04832, 0.619415
0.04833, 0.619354
0.04834, 0.619292
0.04835, 0.619231
0.04836, 0.619169
0.04837, 0.619107
0.04838, 0.619046
0.04839, 0.618984
0.0484, 0.618923
0.04841, 0.618861
0.04842, 0.6188
0.04843, 0.618738
0.04844, 0.618677
0.04845, 0.618616
0.04846, 0.618554
0.04847, 0.618493
0.04848, 0.618431
0.04849, 0.61837
0.0485, 0.618308
0.04851, 0.618247
0.04852, 0.618185
0.04853, 0.618124
0.04854, 0.618063
0.04855, 0.618001
0.04856, 0.61794
0.04857, 0.617878
0.04858, 0.617817
0.04859, 0.617756
0.0486, 0.617694
0.04861, 0.617633
0.04862, 0.617572
0.04863, 0.61751
0.04864, 0.617449
0.04865, 0.617388
0.04866, 0.617326
0.04867, 0.617265
0.04868, 0.617204
0.04869, 0.617142
0.0487, 0.617081
0.04871, 0.61702
0.04872, 0.616958
0.04873, 0.616897
0.04874, 0.616836
0.04875, 0.616774
0.04876, 0.616713
0.04877, 0.616652
0.04878, 0.616591
0.04879, 0.616529
0.0488, 0.616468
0.04881, 0.616407
0.04882, 0.616346
0.04883, 0.616284
0.04884, 0.616223
0.04885, 0.616162
0.04886, 0.616101
0.04887, 0.61604
0.04888, 0.615978
0.04889, 0.615917
0.0489, 0.615856
0.04891, 0.615795
0.04892, 0.615734
0.04893, 0.615672
0.04894, 0.615611
0.04895, 0.61555
0.04896, 0.615489
0.04897, 0.615428
0.04898, 0.615367
0.04899, 0.615305
0.049, 0.615244
0.04901, 0.615183
0.04902, 0.615122
0.04903, 0.615061
0.04904, 0.615
0.04905, 0.614939
0.04906, 0.614878
0.04907, 0.614817
0.04908, 0.614756
0.04909, 0.614694
0.0491, 0.614633
0.04911, 0.614572
0.04912, 0.614511
0.04913, 0.61445
0.04914, 0.614389
0.04915, 0.614328
0.04916, 0.614267
0.04917, 0.614206
0.04918, 0.614145
0.04919, 0.614084
0.0492, 0.614023
0.04921, 0.613962
0.04922, 0.613901
0.04923, 0.61384
0.04924, 0.613779
0.04925, 0.613718
0.04926, 0.613657
0.04927, 0.613596
0.04928, 0.613535
0.04929, 0.613474
0.0493, 0.613413
0.04931, 0.613352
0.04932, 0.613291
0.04933, 0.613231
0.04934, 0.61317
0.04935, 0.613109
0.04936, 0.613048
0.04937, 0.612987
0.04938, 0.612926
0.04939, 0.612865
0.0494, 0.612804
0.04941, 0.612743
0.04942, 0.612682
0.04943, 0.612622
0.04944, 0.612561
0.04945, 0.6125
0.04946, 0.612439
0.04947, 0.612378
0.04948, 0.612317
0.04949, 0.612257
0.0495, 0.612196
0.04951, 0.612135
0.04952, 0.612074
0.04953, 0.612013
0.04954, 0.611952
0.04955, 0.611892
0.04956, 0.611831
0.04957, 0.61177
0.04958, 0.611709
0.04959, 0.611649
0.0496, 0.611588
0.04961, 0.611527
0.04962, 0.611466
0.04963, 0.611406
0.04964, 0.611345
0.04965, 0.611284
0.04966, 0.611223
0.04967, 0.611163
0.04968, 0.611102
0.04969, 0.611041
0.0497, 0.610981
0.04971, 0.61092
0.04972, 0.610859
0.04973, 0.610798
0.04974, 0.610738
0.04975, 0.610677
0.04976, 0.610616
0.04977, 0.610556
0.04978, 0.610495
0.04979, 0.610434
0.0498, 0.610374
0.04981, 0.610313
0.04982, 0.610253
0.04983, 0.610192
0.04984, 0.610131
0.04985, 0.610071
0.04986, 0.61001
0.04987, 0.60995
0.04988, 0.609889
0.04989, 0.609828
0.0499, 0.609768
0.04991, 0.609707
0.04992, 0.609647
0.04993, 0.609586
0.04994, 0.609526
0.04995, 0.609465
0.04996, 0.609404
0.04997, 0.609344
0.04998, 0.609283
0.04999, 0.609223
0.05, 0.609162
